project,url,label,activity,comments,prs,commits,issues,authors
Kubernetes,kubernetes.io,2016-01,6289,5211,548,199,331,73
Kubernetes,kubernetes.io,2016-02,13021,10620,1180,360,861,73
Kubernetes,kubernetes.io,2016-03,20103,16218,1835,589,1461,73
Kubernetes,kubernetes.io,2016-04,27738,22367,2570,769,2032,84
Kubernetes,kubernetes.io,2016-05,36886,29560,3471,1143,2712,157
Kubernetes,kubernetes.io,2016-06,46158,36928,4364,1452,3414,157
Kubernetes,kubernetes.io,2016-07,55145,43967,5291,1783,4104,166
Kubernetes,kubernetes.io,2016-08,64891,51807,6313,2004,4767,166
Kubernetes,kubernetes.io,2016-09,74458,59347,7370,2366,5375,166
Kubernetes,kubernetes.io,2016-10,86416,68749,8614,2917,6136,183
Kubernetes,kubernetes.io,2016-11,98084,77785,9888,3549,6862,185
Kubernetes,kubernetes.io,2016-12,111246,87582,11518,4468,7678,310
Kubernetes,kubernetes.io,2017-01,123943,97388,12899,5204,8452,310
Kubernetes,kubernetes.io,2017-02,138746,108754,14631,6081,9280,322
Kubernetes,kubernetes.io,2017-03,154882,120896,16417,7258,10311,373
Kubernetes,kubernetes.io,2017-04,174254,136104,18264,8388,11498,373
dotnet,microsoft.com/net,2016-01,8190,5933,779,760,718,158
dotnet,microsoft.com/net,2016-02,17975,12876,1652,1908,1539,172
dotnet,microsoft.com/net,2016-03,28464,20167,2776,3148,2373,198
dotnet,microsoft.com/net,2016-04,38667,27336,3776,4233,3322,198
dotnet,microsoft.com/net,2016-05,49316,35027,4784,5283,4222,265
dotnet,microsoft.com/net,2016-06,59410,42191,5805,6381,5033,265
dotnet,microsoft.com/net,2016-07,67401,47877,6570,7277,5677,265
dotnet,microsoft.com/net,2016-08,75714,53666,7445,8249,6354,265
dotnet,microsoft.com/net,2016-09,83174,58934,8288,8905,7047,265
dotnet,microsoft.com/net,2016-10,92058,64994,9408,9900,7756,265
dotnet,microsoft.com/net,2016-11,101720,71748,10512,10980,8480,265
dotnet,microsoft.com/net,2016-12,109552,77269,11402,11765,9116,265
dotnet,microsoft.com/net,2017-01,119008,83789,12551,12822,9846,265
dotnet,microsoft.com/net,2017-02,128967,90753,13708,13956,10550,265
dotnet,microsoft.com/net,2017-03,141365,99376,15121,15344,11524,268
dotnet,microsoft.com/net,2017-04,158624,111553,17019,17221,12831,382
VS Code,code.visualstudio.com,2016-01,7526,5278,381,804,1063,112
VS Code,code.visualstudio.com,2016-02,17139,11638,986,1899,2616,133
VS Code,code.visualstudio.com,2016-03,22639,15498,1463,2594,3084,133
VS Code,code.visualstudio.com,2016-04,31652,21511,1992,3642,4507,133
VS Code,code.visualstudio.com,2016-05,40963,27789,2562,4796,5816,195
VS Code,code.visualstudio.com,2016-06,50721,34182,3168,6041,7330,195
VS Code,code.visualstudio.com,2016-07,60184,40482,3679,7080,8943,195
VS Code,code.visualstudio.com,2016-08,70282,47285,4275,8206,10516,195
VS Code,code.visualstudio.com,2016-09,82022,54877,4990,9645,12510,195
VS Code,code.visualstudio.com,2016-10,88809,59238,5663,10802,13106,195
VS Code,code.visualstudio.com,2016-11,99354,66354,6274,11839,14887,195
VS Code,code.visualstudio.com,2016-12,110512,73708,6861,13042,16901,198
VS Code,code.visualstudio.com,2017-01,121389,81244,7455,14023,18667,198
VS Code,code.visualstudio.com,2017-02,132983,88856,8087,15250,20790,198
VS Code,code.visualstudio.com,2017-03,139541,92990,8760,16210,21581,198
VS Code,code.visualstudio.com,2017-04,155621,104386,9501,17650,24084,198
Angular,angular.io,2016-01,6345,4382,385,636,942,123
Angular,angular.io,2016-02,14767,10079,879,1782,2027,182
Angular,angular.io,2016-03,22866,15649,1437,2806,2974,182
Angular,angular.io,2016-04,29258,19628,2033,3900,3697,182
Angular,angular.io,2016-05,36541,24854,2506,4384,4797,182
Angular,angular.io,2016-06,42593,29076,2973,4841,5703,182
Angular,angular.io,2016-07,49813,34185,3523,5286,6819,182
Angular,angular.io,2016-08,59762,41080,4295,6228,8159,182
Angular,angular.io,2016-09,70749,48954,5031,6985,9779,203
Angular,angular.io,2016-10,75169,51971,5341,7429,10428,203
Angular,angular.io,2016-11,82524,57118,5949,7968,11489,203
Angular,angular.io,2016-12,86476,59894,6279,8183,12120,203
Angular,angular.io,2017-01,94405,65654,6851,8692,13208,203
Angular,angular.io,2017-02,104002,72368,7620,9413,14601,203
Angular,angular.io,2017-03,115246,80168,8516,10358,16204,203
Angular,angular.io,2017-04,123865,86539,9125,10864,17337,203
Docker,mobyproject.org,2016-01,6896,5545,553,243,555,89
Docker,mobyproject.org,2016-02,15114,12060,1179,551,1324,110
Docker,mobyproject.org,2016-03,22315,17766,1753,809,1987,110
Docker,mobyproject.org,2016-04,28848,22927,2225,1094,2602,115
Docker,mobyproject.org,2016-05,34571,27531,2608,1221,3211,115
Docker,mobyproject.org,2016-06,42019,33193,3305,1589,3932,135
Docker,mobyproject.org,2016-07,49008,38761,3788,1780,4679,135
Docker,mobyproject.org,2016-08,53798,42567,4158,1877,5196,135
Docker,mobyproject.org,2016-09,58710,46637,4469,1992,5612,135
Docker,mobyproject.org,2016-10,65133,51421,5091,2392,6229,135
Docker,mobyproject.org,2016-11,71474,56244,5772,2671,6787,135
Docker,mobyproject.org,2016-12,76550,59928,6323,3054,7245,135
Docker,mobyproject.org,2017-01,82595,64247,6911,3540,7897,181
Docker,mobyproject.org,2017-02,90639,69901,7711,4295,8732,223
Docker,mobyproject.org,2017-03,97923,74968,8456,5048,9451,223
Docker,mobyproject.org,2017-04,102907,78501,8973,5571,9862,223
Elasticsearch,elastic.co/products/elasticsearch,2016-01,6046,3949,651,937,509,92
Elasticsearch,elastic.co/products/elasticsearch,2016-02,11962,7923,1200,1722,1117,108
Elasticsearch,elastic.co/products/elasticsearch,2016-03,17492,11555,1777,2523,1637,108
Elasticsearch,elastic.co/products/elasticsearch,2016-04,23899,15816,2504,3263,2316,108
Elasticsearch,elastic.co/products/elasticsearch,2016-05,29509,19643,3086,3925,2855,126
Elasticsearch,elastic.co/products/elasticsearch,2016-06,33713,22588,3484,4417,3224,126
Elasticsearch,elastic.co/products/elasticsearch,2016-07,37647,25282,3866,4906,3593,126
Elasticsearch,elastic.co/products/elasticsearch,2016-08,43328,29162,4482,5542,4142,126
Elasticsearch,elastic.co/products/elasticsearch,2016-09,49278,32812,5142,6621,4703,126
Elasticsearch,elastic.co/products/elasticsearch,2016-10,55704,36534,5870,7891,5409,126
Elasticsearch,elastic.co/products/elasticsearch,2016-11,61438,39943,6511,8955,6029,126
Elasticsearch,elastic.co/products/elasticsearch,2016-12,67059,43242,7145,10100,6572,126
Elasticsearch,elastic.co/products/elasticsearch,2017-01,72888,46687,7807,11289,7105,126
Elasticsearch,elastic.co/products/elasticsearch,2017-02,79494,50598,8577,12540,7779,129
Elasticsearch,elastic.co/products/elasticsearch,2017-03,84377,53761,9078,13228,8310,129
Elasticsearch,elastic.co/products/elasticsearch,2017-04,92099,58372,9973,14822,8932,129
React,facebook.com,2016-01,6089,4538,558,370,623,107
React,facebook.com,2016-02,9314,6594,958,781,981,118
React,facebook.com,2016-03,12257,8674,1254,1100,1229,118
React,facebook.com,2016-04,14748,10297,1517,1438,1496,118
React,facebook.com,2016-05,21475,15394,2097,1861,2123,170
React,facebook.com,2016-06,24623,17497,2460,2311,2355,170
React,facebook.com,2016-07,33192,23746,3215,3116,3115,170
React,facebook.com,2016-08,40195,28890,3841,3748,3716,170
React,facebook.com,2016-09,47292,34023,4436,4470,4363,170
React,facebook.com,2016-10,50741,36051,4897,5173,4620,170
React,facebook.com,2016-11,54121,38297,5292,5645,4887,170
React,facebook.com,2016-12,60678,43133,5891,6050,5604,170
React,facebook.com,2017-01,64592,45734,6342,6521,5995,170
React,facebook.com,2017-02,69158,48816,6743,7046,6553,170
React,facebook.com,2017-03,74606,52583,7236,7541,7246,170
React,facebook.com,2017-04,84880,60203,8090,8234,8353,193
WP Calypso,developer.wordpress.com/calypso,2016-01,5773,2725,526,2110,412,97
WP Calypso,developer.wordpress.com/calypso,2016-02,11530,5395,1035,4412,688,97
WP Calypso,developer.wordpress.com/calypso,2016-03,16874,8011,1518,6377,968,97
WP Calypso,developer.wordpress.com/calypso,2016-04,21537,10217,1978,8162,1180,97
WP Calypso,developer.wordpress.com/calypso,2016-05,26112,12481,2384,9871,1376,148
WP Calypso,developer.wordpress.com/calypso,2016-06,31237,14892,2861,11903,1581,148
WP Calypso,developer.wordpress.com/calypso,2016-07,36421,17319,3343,13936,1823,148
WP Calypso,developer.wordpress.com/calypso,2016-08,41337,19561,3766,16000,2010,148
WP Calypso,developer.wordpress.com/calypso,2016-09,44803,21136,4152,17286,2229,148
WP Calypso,developer.wordpress.com/calypso,2016-10,49208,23216,4575,18986,2431,148
WP Calypso,developer.wordpress.com/calypso,2016-11,53849,25308,5035,20826,2680,148
WP Calypso,developer.wordpress.com/calypso,2016-12,57693,26898,5482,22471,2842,148
WP Calypso,developer.wordpress.com/calypso,2017-01,62756,29292,6016,24398,3050,148
WP Calypso,developer.wordpress.com/calypso,2017-02,67279,31339,6428,26300,3212,148
WP Calypso,developer.wordpress.com/calypso,2017-03,74507,34442,7240,29313,3512,148
WP Calypso,developer.wordpress.com/calypso,2017-04,80131,36784,7790,31783,3774,148
Ansible,ansible.com,2016-01,2960,1976,252,251,481,45
Ansible,ansible.com,2016-02,6872,4723,652,508,989,61
Ansible,ansible.com,2016-03,11433,7851,1133,1019,1430,161
Ansible,ansible.com,2016-04,15691,10789,1625,1457,1820,161
Ansible,ansible.com,2016-05,20436,13998,2145,2076,2217,204
Ansible,ansible.com,2016-06,25153,17171,2659,2630,2693,204
Ansible,ansible.com,2016-07,28736,19650,3014,3033,3039,204
Ansible,ansible.com,2016-08,34066,23180,3606,3790,3490,224
Ansible,ansible.com,2016-09,39329,26455,4386,4597,3891,224
Ansible,ansible.com,2016-10,43684,29305,4956,5123,4300,224
Ansible,ansible.com,2016-11,48416,32458,5493,5711,4754,224
Ansible,ansible.com,2016-12,53980,36165,6300,6270,5245,224
Ansible,ansible.com,2017-01,58399,39097,6946,6710,5646,224
Ansible,ansible.com,2017-02,62734,41982,7660,7110,5982,224
Ansible,ansible.com,2017-03,67749,45311,8319,7662,6457,224
Ansible,ansible.com,2017-04,72682,48603,8977,8193,6909,224
NixOS,nixos.org,2016-01,4299,2677,518,925,179,201
NixOS,nixos.org,2016-02,8161,4977,1020,1657,507,201
NixOS,nixos.org,2016-03,12220,7489,1566,2487,678,201
NixOS,nixos.org,2016-04,15822,9664,2120,3145,893,201
NixOS,nixos.org,2016-05,19770,12026,2672,3972,1100,224
NixOS,nixos.org,2016-06,23716,14417,3233,4750,1316,224
NixOS,nixos.org,2016-07,28059,17118,3825,5642,1474,224
NixOS,nixos.org,2016-08,32680,19977,4385,6641,1677,224
NixOS,nixos.org,2016-09,38350,23423,5092,7943,1892,224
NixOS,nixos.org,2016-10,42614,25976,5762,8787,2089,224
NixOS,nixos.org,2016-11,46643,28269,6344,9737,2293,224
NixOS,nixos.org,2016-12,50281,30422,6861,10505,2493,224
NixOS,nixos.org,2017-01,54322,32780,7415,11470,2657,231
NixOS,nixos.org,2017-02,59436,35757,8141,12628,2910,255
NixOS,nixos.org,2017-03,65525,39117,9058,14170,3180,255
NixOS,nixos.org,2017-04,70538,42116,9705,15240,3477,273
SS13,tgstation13.org,2016-01,4029,3112,478,145,294,41
SS13,tgstation13.org,2016-02,9060,7180,878,491,511,56
SS13,tgstation13.org,2016-03,13957,11203,1274,801,679,62
SS13,tgstation13.org,2016-04,18307,14725,1622,1120,840,62
SS13,tgstation13.org,2016-05,23266,18963,1944,1323,1036,75
SS13,tgstation13.org,2016-06,27278,22306,2288,1455,1229,75
SS13,tgstation13.org,2016-07,30538,24938,2679,1537,1384,75
SS13,tgstation13.org,2016-08,34356,28117,3074,1641,1524,75
SS13,tgstation13.org,2016-09,37935,31042,3413,1803,1677,75
SS13,tgstation13.org,2016-10,41375,33811,3797,1941,1826,75
SS13,tgstation13.org,2016-11,45086,36912,4159,2044,1971,75
SS13,tgstation13.org,2016-12,49549,40619,4602,2162,2166,75
SS13,tgstation13.org,2017-01,53524,43823,4981,2327,2393,75
SS13,tgstation13.org,2017-02,58953,48479,5370,2499,2605,75
SS13,tgstation13.org,2017-03,63823,52414,5731,2809,2869,75
SS13,tgstation13.org,2017-04,70144,57134,6435,3328,3247,75
ManageIQ,manageiq.org,2016-01,2550,1702,425,374,49,58
ManageIQ,manageiq.org,2016-02,5625,3703,965,793,164,65
ManageIQ,manageiq.org,2016-03,9372,6169,1681,1260,262,67
ManageIQ,manageiq.org,2016-04,14000,9273,2395,1947,385,91
ManageIQ,manageiq.org,2016-05,18304,11935,3058,2799,512,110
ManageIQ,manageiq.org,2016-06,21377,14027,3563,3207,580,110
ManageIQ,manageiq.org,2016-07,24832,16567,4119,3489,657,110
ManageIQ,manageiq.org,2016-08,28964,19392,4840,3941,791,110
ManageIQ,manageiq.org,2016-09,33782,22816,5600,4457,909,110
ManageIQ,manageiq.org,2016-10,37721,25513,6257,4977,974,110
ManageIQ,manageiq.org,2016-11,41177,27743,6984,5408,1042,110
ManageIQ,manageiq.org,2016-12,43618,29371,7386,5783,1078,110
ManageIQ,manageiq.org,2017-01,47007,31593,8075,6191,1148,113
ManageIQ,manageiq.org,2017-02,50306,33795,8690,6617,1204,113
ManageIQ,manageiq.org,2017-03,55656,37276,9750,7355,1275,151
ManageIQ,manageiq.org,2017-04,57909,38699,10090,7816,1304,151
Azure,azure.github.io,2016-01,2895,1408,605,733,149,256
Azure,azure.github.io,2016-02,5920,2840,1187,1546,347,256
Azure,azure.github.io,2016-03,8678,4183,1725,2225,545,256
Azure,azure.github.io,2016-04,10651,5279,1903,2732,737,256
Azure,azure.github.io,2016-05,14219,7246,2423,3478,1072,262
Azure,azure.github.io,2016-06,17760,9171,2944,4276,1369,262
Azure,azure.github.io,2016-07,20613,10772,3376,4873,1592,262
Azure,azure.github.io,2016-08,22687,11946,3721,5248,1772,262
Azure,azure.github.io,2016-09,26877,14391,4334,5993,2159,262
Azure,azure.github.io,2016-10,31392,17073,4948,6766,2605,262
Azure,azure.github.io,2016-11,36143,19984,5545,7505,3109,262
Azure,azure.github.io,2016-12,38392,21324,5904,7835,3329,262
Azure,azure.github.io,2017-01,41956,23384,6462,8454,3656,262
Azure,azure.github.io,2017-02,45987,25650,7207,9129,4001,262
Azure,azure.github.io,2017-03,51543,28770,8159,10050,4564,262
Azure,azure.github.io,2017-04,56375,31666,8882,10824,5003,262
ASP.net,asp.net,2016-01,3075,1923,181,625,346,74
ASP.net,asp.net,2016-02,6492,3963,433,1371,725,126
ASP.net,asp.net,2016-03,10185,6118,685,2220,1162,126
ASP.net,asp.net,2016-04,13838,8430,908,2962,1538,126
ASP.net,asp.net,2016-05,17743,10837,1170,3758,1978,126
ASP.net,asp.net,2016-06,22230,13712,1506,4535,2477,126
ASP.net,asp.net,2016-07,25330,15723,1746,5031,2830,126
ASP.net,asp.net,2016-08,27795,17314,1912,5460,3109,126
ASP.net,asp.net,2016-09,30757,19320,2087,5907,3443,126
ASP.net,asp.net,2016-10,33494,21083,2255,6374,3782,126
ASP.net,asp.net,2016-11,36338,22853,2483,6893,4109,126
ASP.net,asp.net,2016-12,38599,24252,2682,7278,4387,126
ASP.net,asp.net,2017-01,41744,26133,2943,7967,4701,126
ASP.net,asp.net,2017-02,44646,27729,3233,8689,4995,126
ASP.net,asp.net,2017-03,49609,30386,3714,9987,5522,130
ASP.net,asp.net,2017-04,56049,33742,4308,11901,6098,146
TensorFlow,tensorflow.org,2016-01,1738,1393,121,51,173,26
TensorFlow,tensorflow.org,2016-02,3453,2720,276,69,388,26
TensorFlow,tensorflow.org,2016-03,5732,4498,455,147,632,40
TensorFlow,tensorflow.org,2016-04,8006,6233,652,236,885,42
TensorFlow,tensorflow.org,2016-05,11046,8608,827,350,1261,69
TensorFlow,tensorflow.org,2016-06,14882,11605,1083,528,1666,95
TensorFlow,tensorflow.org,2016-07,17817,13940,1243,649,1985,95
TensorFlow,tensorflow.org,2016-08,21728,17038,1453,813,2424,101
TensorFlow,tensorflow.org,2016-09,25192,19762,1677,975,2778,101
TensorFlow,tensorflow.org,2016-10,29056,22897,1923,1101,3135,101
TensorFlow,tensorflow.org,2016-11,33235,26175,2182,1293,3585,101
TensorFlow,tensorflow.org,2016-12,36261,28507,2381,1410,3963,101
TensorFlow,tensorflow.org,2017-01,39784,31284,2586,1515,4399,101
TensorFlow,tensorflow.org,2017-02,44393,34781,2900,1734,4978,121
TensorFlow,tensorflow.org,2017-03,50497,39444,3269,2032,5752,177
TensorFlow,tensorflow.org,2017-04,55767,43658,3564,2246,6299,177
Mozilla,mozilla.org,2016-01,1727,958,197,317,255,71
Mozilla,mozilla.org,2016-02,3045,1630,312,700,403,81
Mozilla,mozilla.org,2016-03,4752,2505,440,1189,618,89
Mozilla,mozilla.org,2016-04,7327,3817,720,1791,999,89
Mozilla,mozilla.org,2016-05,11699,6252,1102,2810,1535,167
Mozilla,mozilla.org,2016-06,15262,7941,1445,4060,1816,167
Mozilla,mozilla.org,2016-07,17746,9336,1635,4682,2093,167
Mozilla,mozilla.org,2016-08,20567,10828,1886,5467,2386,167
Mozilla,mozilla.org,2016-09,24161,12621,2194,6514,2832,167
Mozilla,mozilla.org,2016-10,27977,14634,2538,7553,3252,167
Mozilla,mozilla.org,2016-11,31440,15907,2786,9217,3530,228
Mozilla,mozilla.org,2016-12,32688,16320,2887,9839,3642,228
Mozilla,mozilla.org,2017-01,36048,17728,3137,11257,3926,228
Mozilla,mozilla.org,2017-02,39525,19415,3413,12419,4278,228
Mozilla,mozilla.org,2017-03,44294,21626,3792,14179,4697,251
Mozilla,mozilla.org,2017-04,50480,25089,4361,15638,5392,251
Node.js,nodejs.org,2016-01,2962,2456,189,122,195,49
Node.js,nodejs.org,2016-02,6022,5072,359,212,379,49
Node.js,nodejs.org,2016-03,9194,7688,573,353,580,62
Node.js,nodejs.org,2016-04,12290,10240,768,496,786,62
Node.js,nodejs.org,2016-05,15192,12618,950,631,993,62
Node.js,nodejs.org,2016-06,17015,14109,1062,680,1164,62
Node.js,nodejs.org,2016-07,19393,16104,1202,763,1324,62
Node.js,nodejs.org,2016-08,21723,18024,1358,855,1486,62
Node.js,nodejs.org,2016-09,24126,19961,1579,934,1652,62
Node.js,nodejs.org,2016-10,27062,22299,1831,1089,1843,62
Node.js,nodejs.org,2016-11,29502,24274,2008,1204,2016,68
Node.js,nodejs.org,2016-12,32573,26500,2483,1404,2186,95
Node.js,nodejs.org,2017-01,35150,28536,2730,1556,2328,95
Node.js,nodejs.org,2017-02,38247,30944,3031,1792,2480,95
Node.js,nodejs.org,2017-03,41930,33781,3286,2190,2673,105
Node.js,nodejs.org,2017-04,47233,38045,3708,2624,2856,111
Homebrew,brew.sh,2016-01,3291,1970,871,186,264,82
Homebrew,brew.sh,2016-02,6516,3950,1655,463,448,124
Homebrew,brew.sh,2016-03,9524,5572,2533,794,625,137
Homebrew,brew.sh,2016-04,12038,6933,3281,1082,742,137
Homebrew,brew.sh,2016-05,14375,8209,4037,1258,871,137
Homebrew,brew.sh,2016-06,16688,9586,4653,1456,993,137
Homebrew,brew.sh,2016-07,18884,10938,5227,1599,1120,137
Homebrew,brew.sh,2016-08,21491,12656,5769,1763,1303,137
Homebrew,brew.sh,2016-09,24023,14314,6295,1888,1526,137
Homebrew,brew.sh,2016-10,26458,15821,6833,2157,1647,137
Homebrew,brew.sh,2016-11,28998,17348,7390,2503,1757,161
Homebrew,brew.sh,2016-12,31534,18824,7951,2869,1890,161
Homebrew,brew.sh,2017-01,34005,20334,8572,3045,2054,161
Homebrew,brew.sh,2017-02,37165,22097,9390,3443,2235,161
Homebrew,brew.sh,2017-03,40113,23804,10154,3818,2337,161
Homebrew,brew.sh,2017-04,43845,26026,10962,4360,2497,194
Terraform,terraform.io,2016-01,2681,1642,237,560,242,77
Terraform,terraform.io,2016-02,5379,3540,439,881,519,77
Terraform,terraform.io,2016-03,7953,5355,600,1106,892,77
Terraform,terraform.io,2016-04,10404,6989,814,1472,1129,77
Terraform,terraform.io,2016-05,13067,8714,1037,1908,1408,77
Terraform,terraform.io,2016-06,15368,10269,1231,2233,1635,77
Terraform,terraform.io,2016-07,17276,11516,1424,2505,1831,77
Terraform,terraform.io,2016-08,20494,13659,1707,2924,2204,82
Terraform,terraform.io,2016-09,22915,15240,1923,3222,2530,82
Terraform,terraform.io,2016-10,25571,16948,2205,3605,2813,82
Terraform,terraform.io,2016-11,28084,18650,2442,3799,3193,82
Terraform,terraform.io,2016-12,29995,19950,2619,3928,3498,82
Terraform,terraform.io,2017-01,32512,21509,2889,4313,3801,82
Terraform,terraform.io,2017-02,35312,23116,3221,4816,4159,82
Terraform,terraform.io,2017-03,38982,25312,3655,5404,4611,82
Terraform,terraform.io,2017-04,42956,27565,4075,6284,5032,137
TypeScript,typescriptlang.org,2016-01,2111,1493,81,174,363,12
TypeScript,typescriptlang.org,2016-02,4604,3230,210,438,726,23
TypeScript,typescriptlang.org,2016-03,6990,4952,298,683,1057,23
TypeScript,typescriptlang.org,2016-04,9601,6770,448,946,1437,23
TypeScript,typescriptlang.org,2016-05,12231,8596,600,1281,1754,30
TypeScript,typescriptlang.org,2016-06,15033,10433,768,1738,2094,30
TypeScript,typescriptlang.org,2016-07,17793,12277,898,2073,2545,30
TypeScript,typescriptlang.org,2016-08,20485,14039,1041,2499,2906,30
TypeScript,typescriptlang.org,2016-09,23503,16159,1167,2855,3322,30
TypeScript,typescriptlang.org,2016-10,26306,17877,1346,3348,3735,30
TypeScript,typescriptlang.org,2016-11,28888,19506,1500,3735,4147,30
TypeScript,typescriptlang.org,2016-12,31565,21461,1598,3872,4634,30
TypeScript,typescriptlang.org,2017-01,33876,23144,1679,4008,5045,30
TypeScript,typescriptlang.org,2017-02,36172,24630,1776,4303,5463,30
TypeScript,typescriptlang.org,2017-03,38378,26138,1851,4511,5878,30
TypeScript,typescriptlang.org,2017-04,41398,28401,1956,4731,6310,30
Ionic,ionicframework.com,2016-01,2220,1381,84,355,400,59
Ionic,ionicframework.com,2016-02,3202,1491,103,1147,461,59
Ionic,ionicframework.com,2016-03,5761,2842,213,1869,837,76
Ionic,ionicframework.com,2016-04,8833,4511,318,2725,1279,89
Ionic,ionicframework.com,2016-05,10804,5669,380,3159,1596,89
Ionic,ionicframework.com,2016-06,13720,7183,503,4004,2030,89
Ionic,ionicframework.com,2016-07,16154,8642,629,4468,2415,89
Ionic,ionicframework.com,2016-08,18972,10188,765,5144,2875,89
Ionic,ionicframework.com,2016-09,21648,11915,876,5531,3326,89
Ionic,ionicframework.com,2016-10,24549,13612,990,6120,3827,89
Ionic,ionicframework.com,2016-11,28518,16183,1142,6740,4453,89
Ionic,ionicframework.com,2016-12,31824,18473,1260,7122,4969,89
Ionic,ionicframework.com,2017-01,33972,20036,1327,7243,5366,89
Ionic,ionicframework.com,2017-02,35698,21138,1405,7445,5710,89
Ionic,ionicframework.com,2017-03,37464,22326,1448,7618,6072,89
Ionic,ionicframework.com,2017-04,40364,24442,1576,7799,6547,89
Joomla,joomla.org,2016-01,2040,1635,120,181,104,38
Joomla,joomla.org,2016-02,3356,2672,189,308,187,38
Joomla,joomla.org,2016-03,5651,4546,325,402,378,38
Joomla,joomla.org,2016-04,8715,6924,496,760,535,68
Joomla,joomla.org,2016-05,11491,8837,714,1312,628,82
Joomla,joomla.org,2016-06,13177,10188,822,1441,726,82
Joomla,joomla.org,2016-07,15930,12351,956,1727,896,82
Joomla,joomla.org,2016-08,18984,14777,1103,2077,1027,82
Joomla,joomla.org,2016-09,21078,16371,1242,2349,1116,82
Joomla,joomla.org,2016-10,23226,18034,1400,2573,1219,82
Joomla,joomla.org,2016-11,25501,19889,1511,2777,1324,82
Joomla,joomla.org,2016-12,27924,21696,1702,3073,1453,82
Joomla,joomla.org,2017-01,30277,23430,1865,3406,1576,82
Joomla,joomla.org,2017-02,32566,25052,2021,3767,1726,82
Joomla,joomla.org,2017-03,35398,27039,2219,4195,1945,82
Joomla,joomla.org,2017-04,39981,30566,2520,4662,2233,82
Julia,julialang.org,2016-01,2480,1930,134,253,163,48
Julia,julialang.org,2016-02,5029,3747,319,620,343,48
Julia,julialang.org,2016-03,7047,5222,446,860,519,48
Julia,julialang.org,2016-04,8929,6612,594,1041,682,48
Julia,julialang.org,2016-05,11655,8580,806,1366,903,61
Julia,julialang.org,2016-06,14200,10399,1015,1683,1103,61
Julia,julialang.org,2016-07,16585,12134,1172,2013,1266,61
Julia,julialang.org,2016-08,19401,14157,1375,2373,1496,61
Julia,julialang.org,2016-09,21657,15789,1516,2669,1683,61
Julia,julialang.org,2016-10,23766,17165,1690,3037,1874,61
Julia,julialang.org,2016-11,25864,18656,1827,3351,2030,61
Julia,julialang.org,2016-12,28565,20532,2006,3877,2150,61
Julia,julialang.org,2017-01,31983,22826,2245,4587,2325,61
Julia,julialang.org,2017-02,34462,24341,2437,5205,2479,61
Julia,julialang.org,2017-03,36807,25914,2616,5623,2654,61
Julia,julialang.org,2017-04,39703,27661,2869,6377,2796,61
Magento,magento.com/home,2016-01,2255,1550,62,264,379,58
Magento,magento.com/home,2016-02,4307,2941,143,495,728,58
Magento,magento.com/home,2016-03,6301,4447,200,575,1079,58
Magento,magento.com/home,2016-04,8966,6347,314,851,1454,84
Magento,magento.com/home,2016-05,11954,8507,405,1147,1895,87
Magento,magento.com/home,2016-06,12317,8580,427,1397,1913,87
Magento,magento.com/home,2016-07,15505,10928,498,1660,2419,87
Magento,magento.com/home,2016-08,18922,13558,585,1892,2887,87
Magento,magento.com/home,2016-09,22193,16102,659,2154,3278,87
Magento,magento.com/home,2016-10,24695,18106,727,2205,3657,87
Magento,magento.com/home,2016-11,26930,19920,780,2237,3993,87
Magento,magento.com/home,2016-12,29361,21639,867,2508,4347,87
Magento,magento.com/home,2017-01,31656,23283,959,2752,4662,87
Magento,magento.com/home,2017-02,34329,25334,1078,2964,4953,87
Magento,magento.com/home,2017-03,36893,27286,1190,3185,5232,87
Magento,magento.com/home,2017-04,39023,28966,1317,3254,5486,87
SaltStack,repo.saltstack.com,2016-01,2477,1779,342,88,268,43
SaltStack,repo.saltstack.com,2016-02,5225,3757,735,137,596,43
SaltStack,repo.saltstack.com,2016-03,7392,5277,1093,161,861,43
SaltStack,repo.saltstack.com,2016-04,9370,6651,1412,180,1127,43
SaltStack,repo.saltstack.com,2016-05,12373,8802,1845,317,1409,43
SaltStack,repo.saltstack.com,2016-06,14773,10532,2161,348,1732,43
SaltStack,repo.saltstack.com,2016-07,16883,12074,2436,365,2008,43
SaltStack,repo.saltstack.com,2016-08,19093,13614,2809,390,2280,43
SaltStack,repo.saltstack.com,2016-09,21222,15166,3113,414,2529,43
SaltStack,repo.saltstack.com,2016-10,23822,16998,3473,582,2769,59
SaltStack,repo.saltstack.com,2016-11,26094,18523,3830,729,3012,59
SaltStack,repo.saltstack.com,2016-12,27822,19703,4103,792,3224,59
SaltStack,repo.saltstack.com,2017-01,29876,21119,4423,851,3483,59
SaltStack,repo.saltstack.com,2017-02,32674,22923,4798,1211,3742,122
SaltStack,repo.saltstack.com,2017-03,35339,24765,5204,1354,4016,122
SaltStack,repo.saltstack.com,2017-04,38114,26773,5493,1611,4237,122
Mapbox,mapbox.com,2016-01,2000,1138,150,486,226,44
Mapbox,mapbox.com,2016-02,4319,2389,298,1105,527,44
Mapbox,mapbox.com,2016-03,6072,3394,415,1489,774,44
Mapbox,mapbox.com,2016-04,7855,4326,557,1988,984,44
Mapbox,mapbox.com,2016-05,9667,5315,694,2484,1174,57
Mapbox,mapbox.com,2016-06,12723,6942,933,3400,1448,57
Mapbox,mapbox.com,2016-07,14756,7958,1084,4043,1671,57
Mapbox,mapbox.com,2016-08,17416,9341,1273,4857,1945,57
Mapbox,mapbox.com,2016-09,19699,10521,1432,5558,2188,57
Mapbox,mapbox.com,2016-10,22429,11933,1660,6375,2461,61
Mapbox,mapbox.com,2016-11,25185,13199,1907,7327,2752,61
Mapbox,mapbox.com,2016-12,27195,14151,2097,7972,2975,61
Mapbox,mapbox.com,2017-01,29501,15291,2284,8672,3254,61
Mapbox,mapbox.com,2017-02,32053,16549,2514,9478,3512,61
Mapbox,mapbox.com,2017-03,34469,17748,2732,10205,3784,61
Mapbox,mapbox.com,2017-04,37009,18903,2978,11080,4048,74
Cockroach DB,cockroachlabs.com,2016-01,1241,712,153,295,81,24
Cockroach DB,cockroachlabs.com,2016-02,2928,1760,377,586,205,24
Cockroach DB,cockroachlabs.com,2016-03,5519,3367,687,948,517,25
Cockroach DB,cockroachlabs.com,2016-04,7442,4699,891,1168,684,25
Cockroach DB,cockroachlabs.com,2016-05,9711,6090,1169,1535,917,44
Cockroach DB,cockroachlabs.com,2016-06,11420,7253,1363,1752,1052,44
Cockroach DB,cockroachlabs.com,2016-07,12989,8336,1526,1933,1194,44
Cockroach DB,cockroachlabs.com,2016-08,14966,9618,1729,2163,1456,44
Cockroach DB,cockroachlabs.com,2016-09,16617,10727,1905,2367,1618,44
Cockroach DB,cockroachlabs.com,2016-10,18535,12055,2069,2560,1851,44
Cockroach DB,cockroachlabs.com,2016-11,21318,13453,2263,2806,2796,44
Cockroach DB,cockroachlabs.com,2016-12,23630,14745,2475,3076,3334,44
Cockroach DB,cockroachlabs.com,2017-01,25255,15650,2632,3252,3721,44
Cockroach DB,cockroachlabs.com,2017-02,27097,16966,2816,3466,3849,44
Cockroach DB,cockroachlabs.com,2017-03,29592,18717,3073,3780,4022,44
Cockroach DB,cockroachlabs.com,2017-04,36231,23517,3576,4542,4596,49
AMP,ampproject.org,2016-01,1125,752,126,110,137,20
AMP,ampproject.org,2016-02,3166,2098,323,366,379,37
AMP,ampproject.org,2016-03,4993,3376,508,540,569,44
AMP,ampproject.org,2016-04,6423,4394,659,694,676,48
AMP,ampproject.org,2016-05,7773,5293,829,845,806,48
AMP,ampproject.org,2016-06,9559,6443,1066,1049,1001,48
AMP,ampproject.org,2016-07,11382,7652,1276,1273,1181,48
AMP,ampproject.org,2016-08,13679,9164,1567,1560,1388,55
AMP,ampproject.org,2016-09,15987,10687,1828,1853,1619,55
AMP,ampproject.org,2016-10,18366,12217,2099,2168,1882,58
AMP,ampproject.org,2016-11,20656,13730,2382,2438,2106,64
AMP,ampproject.org,2016-12,22434,14888,2622,2645,2279,64
AMP,ampproject.org,2017-01,24374,16202,2828,2872,2472,64
AMP,ampproject.org,2017-02,26720,17826,3085,3095,2714,64
AMP,ampproject.org,2017-03,30020,19664,3589,3714,3053,81
AMP,ampproject.org,2017-04,31991,20853,3880,3974,3284,81
CARTO,carto.com,2016-01,1412,639,125,558,90,28
CARTO,carto.com,2016-02,3621,1501,363,1425,332,46
CARTO,carto.com,2016-03,5395,2220,515,2190,470,46
CARTO,carto.com,2016-04,7343,2966,711,3061,605,46
CARTO,carto.com,2016-05,10200,4009,949,4422,820,76
CARTO,carto.com,2016-06,13564,5330,1248,5719,1267,76
CARTO,carto.com,2016-07,16634,6580,1519,6903,1632,76
CARTO,carto.com,2016-08,18630,7543,1681,7535,1871,76
CARTO,carto.com,2016-09,20634,8461,1837,8270,2066,76
CARTO,carto.com,2016-10,22686,9247,2009,9062,2368,76
CARTO,carto.com,2016-11,24363,9942,2144,9653,2624,76
CARTO,carto.com,2016-12,25684,10468,2231,10203,2782,76
CARTO,carto.com,2017-01,27360,11362,2331,10724,2943,76
CARTO,carto.com,2017-02,28882,12119,2418,11257,3088,76
CARTO,carto.com,2017-03,30322,12685,2494,11934,3209,76
CARTO,carto.com,2017-04,31708,13392,2571,12439,3306,76
Ruby on Rails,rubyonrails.org,2016-01,2305,1589,326,203,187,69
Ruby on Rails,rubyonrails.org,2016-02,5006,3449,703,459,395,82
Ruby on Rails,rubyonrails.org,2016-03,6926,4771,990,621,544,82
Ruby on Rails,rubyonrails.org,2016-04,8767,6099,1242,769,657,82
Ruby on Rails,rubyonrails.org,2016-05,10965,7645,1491,1029,800,85
Ruby on Rails,rubyonrails.org,2016-06,12850,8916,1766,1232,936,85
Ruby on Rails,rubyonrails.org,2016-07,14679,10191,2022,1388,1078,85
Ruby on Rails,rubyonrails.org,2016-08,16500,11459,2241,1592,1208,85
Ruby on Rails,rubyonrails.org,2016-09,18106,12549,2455,1769,1333,85
Ruby on Rails,rubyonrails.org,2016-10,19675,13628,2633,1984,1430,85
Ruby on Rails,rubyonrails.org,2016-11,21458,14834,2815,2264,1545,85
Ruby on Rails,rubyonrails.org,2016-12,23299,16052,3043,2540,1664,85
Ruby on Rails,rubyonrails.org,2017-01,25180,17243,3273,2889,1775,85
Ruby on Rails,rubyonrails.org,2017-02,27138,18554,3556,3111,1917,85
Ruby on Rails,rubyonrails.org,2017-03,29313,19971,3799,3460,2083,85
Ruby on Rails,rubyonrails.org,2017-04,31552,21442,4043,3817,2250,90
GRPC,grpc.io,2016-01,1387,757,259,213,158,33
GRPC,grpc.io,2016-02,3644,2139,623,514,368,41
GRPC,grpc.io,2016-03,6336,4029,937,711,659,45
GRPC,grpc.io,2016-04,8454,5566,1195,862,831,45
GRPC,grpc.io,2016-05,10563,7114,1460,986,1003,45
GRPC,grpc.io,2016-06,12309,8436,1709,1020,1144,45
GRPC,grpc.io,2016-07,15005,10325,2088,1292,1300,45
GRPC,grpc.io,2016-08,17211,11832,2387,1546,1446,57
GRPC,grpc.io,2016-09,18676,12839,2575,1689,1573,57
GRPC,grpc.io,2016-10,20071,13720,2782,1867,1702,57
GRPC,grpc.io,2016-11,21458,14627,2983,2010,1838,57
GRPC,grpc.io,2016-12,23029,15622,3197,2192,2018,57
GRPC,grpc.io,2017-01,25094,17020,3456,2418,2200,57
GRPC,grpc.io,2017-02,26761,18105,3699,2605,2352,57
GRPC,grpc.io,2017-03,28884,19466,4013,2862,2543,57
GRPC,grpc.io,2017-04,31283,20965,4359,3160,2799,57
InfluxData,influxdata.com,2016-01,1728,1124,123,309,172,37
InfluxData,influxdata.com,2016-02,3994,2527,298,751,418,57
InfluxData,influxdata.com,2016-03,6166,3915,426,1214,611,57
InfluxData,influxdata.com,2016-04,7725,4956,528,1461,780,57
InfluxData,influxdata.com,2016-05,9688,6060,690,1952,986,57
InfluxData,influxdata.com,2016-06,11874,7418,874,2343,1239,57
InfluxData,influxdata.com,2016-07,13525,8414,1008,2701,1402,57
InfluxData,influxdata.com,2016-08,15537,9637,1197,3059,1644,68
InfluxData,influxdata.com,2016-09,17476,10737,1370,3503,1866,68
InfluxData,influxdata.com,2016-10,19361,11755,1546,3965,2095,68
InfluxData,influxdata.com,2016-11,21079,12685,1681,4433,2280,68
InfluxData,influxdata.com,2016-12,22604,13402,1818,4942,2442,68
InfluxData,influxdata.com,2017-01,23761,13964,1942,5264,2591,68
InfluxData,influxdata.com,2017-02,25720,14995,2111,5789,2825,68
InfluxData,influxdata.com,2017-03,28373,16361,2317,6555,3140,68
InfluxData,influxdata.com,2017-04,30995,17593,2521,7443,3438,68
Homebrew Cask,caskroom.github.io,2016-01,1677,734,625,234,84,82
Homebrew Cask,caskroom.github.io,2016-02,2465,1031,1038,249,147,82
Homebrew Cask,caskroom.github.io,2016-03,3557,1479,1472,377,229,82
Homebrew Cask,caskroom.github.io,2016-04,5032,1900,2094,759,279,130
Homebrew Cask,caskroom.github.io,2016-05,6606,2355,2727,1191,333,175
Homebrew Cask,caskroom.github.io,2016-06,8294,2963,3330,1560,441,175
Homebrew Cask,caskroom.github.io,2016-07,9643,3339,3886,1929,489,175
Homebrew Cask,caskroom.github.io,2016-08,11653,3879,4636,2550,588,188
Homebrew Cask,caskroom.github.io,2016-09,13536,4394,5414,3065,663,190
Homebrew Cask,caskroom.github.io,2016-10,15890,4850,6340,3679,1021,209
Homebrew Cask,caskroom.github.io,2016-11,17756,5291,7243,4132,1090,209
Homebrew Cask,caskroom.github.io,2016-12,20634,5918,8339,5225,1152,209
Homebrew Cask,caskroom.github.io,2017-01,22260,6235,9311,5494,1220,209
Homebrew Cask,caskroom.github.io,2017-02,24013,6703,10004,6032,1274,209
Homebrew Cask,caskroom.github.io,2017-03,26700,7310,11130,6903,1357,209
Homebrew Cask,caskroom.github.io,2017-04,30625,8302,12578,8315,1430,209
Keybase,keybase.io,2016-01,1407,476,186,730,15,13
Keybase,keybase.io,2016-02,3291,1442,358,1352,139,14
Keybase,keybase.io,2016-03,5159,2302,578,2054,225,17
Keybase,keybase.io,2016-04,6595,2997,749,2560,289,17
Keybase,keybase.io,2016-05,8058,3719,908,3103,328,34
Keybase,keybase.io,2016-06,10580,4778,1187,4202,413,34
Keybase,keybase.io,2016-07,12674,5704,1416,5004,550,34
Keybase,keybase.io,2016-08,14909,6785,1634,5778,712,34
Keybase,keybase.io,2016-09,17058,7787,1866,6577,828,34
Keybase,keybase.io,2016-10,18564,8364,2045,7251,904,34
Keybase,keybase.io,2016-11,20191,9048,2206,7973,964,34
Keybase,keybase.io,2016-12,21804,9640,2395,8739,1030,34
Keybase,keybase.io,2017-01,23932,10427,2693,9701,1111,34
Keybase,keybase.io,2017-02,26073,11420,2920,10414,1319,34
Keybase,keybase.io,2017-03,28261,12292,3194,11357,1418,34
Keybase,keybase.io,2017-04,30093,12926,3438,12212,1517,34
DefinitelyTyped,definitelytyped.org,2016-01,1474,774,411,207,82,143
DefinitelyTyped,definitelytyped.org,2016-02,3046,1623,772,488,163,196
DefinitelyTyped,definitelytyped.org,2016-03,4643,2400,1190,821,232,220
DefinitelyTyped,definitelytyped.org,2016-04,5942,3074,1515,1068,285,220
DefinitelyTyped,definitelytyped.org,2016-05,7105,3657,1828,1282,338,220
DefinitelyTyped,definitelytyped.org,2016-06,8383,4324,2166,1495,398,220
DefinitelyTyped,definitelytyped.org,2016-07,9724,5063,2546,1627,488,220
DefinitelyTyped,definitelytyped.org,2016-08,11623,6024,3006,2011,582,245
DefinitelyTyped,definitelytyped.org,2016-09,13823,7293,3585,2242,703,245
DefinitelyTyped,definitelytyped.org,2016-10,15811,8399,4212,2390,810,245
DefinitelyTyped,definitelytyped.org,2016-11,18636,10025,4722,2957,932,326
DefinitelyTyped,definitelytyped.org,2016-12,20410,11090,5184,3122,1014,326
DefinitelyTyped,definitelytyped.org,2017-01,22398,12264,5714,3294,1126,326
DefinitelyTyped,definitelytyped.org,2017-02,24400,13413,6169,3582,1236,326
DefinitelyTyped,definitelytyped.org,2017-03,26769,14877,6603,3943,1346,326
DefinitelyTyped,definitelytyped.org,2017-04,29220,16180,7164,4412,1464,326
Atom,atom.io,2016-01,3189,2222,172,251,544,44
Atom,atom.io,2016-02,6513,4500,347,592,1074,48
Atom,atom.io,2016-03,9938,6904,515,977,1542,52
Atom,atom.io,2016-04,12111,8522,584,1208,1797,52
Atom,atom.io,2016-05,13507,9582,626,1335,1964,52
Atom,atom.io,2016-06,14729,10496,664,1435,2134,52
Atom,atom.io,2016-07,15988,11320,705,1670,2293,52
Atom,atom.io,2016-08,17825,12408,777,2128,2512,52
Atom,atom.io,2016-09,19220,13382,853,2289,2696,52
Atom,atom.io,2016-10,20574,14211,933,2542,2888,52
Atom,atom.io,2016-11,22106,15252,977,2788,3089,52
Atom,atom.io,2016-12,23083,15934,1017,2922,3210,52
Atom,atom.io,2017-01,24326,16834,1060,3074,3358,52
Atom,atom.io,2017-02,25456,17597,1096,3261,3502,52
Atom,atom.io,2017-03,26920,18555,1144,3567,3654,52
Atom,atom.io,2017-04,28354,19455,1192,3875,3832,52
Mantid,mantidproject.org,2016-01,1281,372,137,621,151,31
Mantid,mantidproject.org,2016-02,3527,1244,323,1634,326,34
Mantid,mantidproject.org,2016-03,5373,1806,463,2605,499,34
Mantid,mantidproject.org,2016-04,6746,2265,585,3283,613,36
Mantid,mantidproject.org,2016-05,9301,3328,819,4282,872,56
Mantid,mantidproject.org,2016-06,11004,3909,971,5121,1003,56
Mantid,mantidproject.org,2016-07,12992,4566,1121,6135,1170,56
Mantid,mantidproject.org,2016-08,14964,5132,1293,7242,1297,56
Mantid,mantidproject.org,2016-09,17012,5900,1437,8217,1458,56
Mantid,mantidproject.org,2016-10,18748,6422,1566,9169,1591,56
Mantid,mantidproject.org,2016-11,20178,6789,1667,9997,1725,56
Mantid,mantidproject.org,2016-12,21438,7162,1764,10684,1828,56
Mantid,mantidproject.org,2017-01,23401,7881,1908,11609,2003,56
Mantid,mantidproject.org,2017-02,25567,8596,2117,12683,2171,56
Mantid,mantidproject.org,2017-03,27184,9064,2247,13572,2301,56
Mantid,mantidproject.org,2017-04,28293,9375,2344,14199,2375,56
OpenShift,openshift.com,2016-01,1377,784,266,267,60,63
OpenShift,openshift.com,2016-02,3027,1804,541,548,134,72
OpenShift,openshift.com,2016-03,4748,2926,810,829,183,72
OpenShift,openshift.com,2016-04,6030,3809,989,992,240,72
OpenShift,openshift.com,2016-05,7619,4842,1236,1248,293,72
OpenShift,openshift.com,2016-06,8411,5413,1332,1327,339,72
OpenShift,openshift.com,2016-07,9913,6432,1549,1540,392,72
OpenShift,openshift.com,2016-08,11647,7575,1821,1806,445,72
OpenShift,openshift.com,2016-09,13173,8489,2106,2083,495,72
OpenShift,openshift.com,2016-10,14578,9360,2360,2309,549,72
OpenShift,openshift.com,2016-11,15480,9892,2504,2479,605,72
OpenShift,openshift.com,2016-12,16119,10298,2615,2587,619,72
OpenShift,openshift.com,2017-01,18342,11633,3021,2988,700,80
OpenShift,openshift.com,2017-02,19478,12469,3205,3049,755,80
OpenShift,openshift.com,2017-03,21654,13984,3585,3269,816,80
OpenShift,openshift.com,2017-04,26854,17899,4192,3650,1113,80
WordPress-mobile,make.wordpress.org/mobile,2016-01,1633,579,160,768,126,25
WordPress-mobile,make.wordpress.org/mobile,2016-02,3651,1520,321,1558,252,29
WordPress-mobile,make.wordpress.org/mobile,2016-03,5503,2245,497,2401,360,29
WordPress-mobile,make.wordpress.org/mobile,2016-04,7469,3002,669,3285,513,31
WordPress-mobile,make.wordpress.org/mobile,2016-05,9758,3881,890,4343,644,42
WordPress-mobile,make.wordpress.org/mobile,2016-06,11904,4714,1098,5297,795,42
WordPress-mobile,make.wordpress.org/mobile,2016-07,13478,5334,1246,5955,943,42
WordPress-mobile,make.wordpress.org/mobile,2016-08,14663,5835,1347,6445,1036,42
WordPress-mobile,make.wordpress.org/mobile,2016-09,15411,6126,1427,6744,1114,42
WordPress-mobile,make.wordpress.org/mobile,2016-10,16778,6703,1539,7282,1254,42
WordPress-mobile,make.wordpress.org/mobile,2016-11,18244,7397,1675,7819,1353,42
WordPress-mobile,make.wordpress.org/mobile,2016-12,18869,7700,1738,8024,1407,42
WordPress-mobile,make.wordpress.org/mobile,2017-01,20322,8416,1884,8466,1556,42
WordPress-mobile,make.wordpress.org/mobile,2017-02,22395,9253,2109,9227,1806,42
WordPress-mobile,make.wordpress.org/mobile,2017-03,24479,10095,2343,10036,2005,42
WordPress-mobile,make.wordpress.org/mobile,2017-04,26232,10794,2540,10698,2200,42
TrinityCore,trinitycore.org,2016-01,2048,1516,76,219,237,35
TrinityCore,trinitycore.org,2016-02,4026,2964,158,480,424,35
TrinityCore,trinitycore.org,2016-03,5591,4030,222,789,550,40
TrinityCore,trinitycore.org,2016-04,7154,5017,272,1181,684,44
TrinityCore,trinitycore.org,2016-05,8757,6156,319,1440,842,44
TrinityCore,trinitycore.org,2016-06,10333,7329,376,1618,1010,44
TrinityCore,trinitycore.org,2016-07,11999,8447,469,1932,1151,45
TrinityCore,trinitycore.org,2016-08,13486,9385,545,2290,1266,45
TrinityCore,trinitycore.org,2016-09,14862,10226,590,2674,1372,45
TrinityCore,trinitycore.org,2016-10,16396,11203,625,3066,1502,45
TrinityCore,trinitycore.org,2016-11,17829,12237,677,3265,1650,45
TrinityCore,trinitycore.org,2016-12,19660,13540,744,3518,1858,45
TrinityCore,trinitycore.org,2017-01,21365,14715,807,3860,1983,45
TrinityCore,trinitycore.org,2017-02,22992,15862,881,4133,2116,45
TrinityCore,trinitycore.org,2017-03,24416,16876,940,4367,2233,45
TrinityCore,trinitycore.org,2017-04,25417,17514,974,4593,2336,45
fastlane,fastlane.tools,2016-01,791,532,111,57,91,20
fastlane,fastlane.tools,2016-02,1527,1030,184,106,207,20
fastlane,fastlane.tools,2016-03,3182,2239,340,175,428,20
fastlane,fastlane.tools,2016-04,4942,3513,461,314,654,30
fastlane,fastlane.tools,2016-05,7091,5066,608,503,914,35
fastlane,fastlane.tools,2016-06,8814,6368,710,630,1106,35
fastlane,fastlane.tools,2016-07,10348,7484,836,771,1257,39
fastlane,fastlane.tools,2016-08,12117,8808,957,898,1454,39
fastlane,fastlane.tools,2016-09,13532,9852,1046,954,1680,39
fastlane,fastlane.tools,2016-10,15224,11178,1148,1021,1877,39
fastlane,fastlane.tools,2016-11,17326,12629,1330,1269,2098,55
fastlane,fastlane.tools,2016-12,18801,13634,1440,1418,2309,55
fastlane,fastlane.tools,2017-01,20377,14750,1567,1564,2496,55
fastlane,fastlane.tools,2017-02,22314,16133,1709,1786,2686,55
fastlane,fastlane.tools,2017-03,23676,17119,1810,1871,2876,55
fastlane,fastlane.tools,2017-04,25294,18162,1937,2149,3046,55
Odoo,odoo.com,2016-01,1690,788,293,435,174,71
Odoo,odoo.com,2016-02,3358,1569,592,849,348,71
Odoo,odoo.com,2016-03,4905,2247,895,1290,473,80
Odoo,odoo.com,2016-04,6087,2732,1115,1676,564,80
Odoo,odoo.com,2016-05,7544,3370,1407,2104,663,94
Odoo,odoo.com,2016-06,9476,4452,1688,2544,792,94
Odoo,odoo.com,2016-07,10906,5195,1921,2908,882,94
Odoo,odoo.com,2016-08,12604,6031,2206,3371,996,94
Odoo,odoo.com,2016-09,14005,6650,2393,3846,1116,94
Odoo,odoo.com,2016-10,15686,7537,2646,4205,1298,94
Odoo,odoo.com,2016-11,17471,8489,2939,4577,1466,94
Odoo,odoo.com,2016-12,18762,9151,3177,4853,1581,94
Odoo,odoo.com,2017-01,20334,9914,3448,5263,1709,94
Odoo,odoo.com,2017-02,21769,10645,3714,5583,1827,94
Odoo,odoo.com,2017-03,23266,11314,4023,5967,1962,94
Odoo,odoo.com,2017-04,24651,11911,4322,6345,2073,94
Cataclysm-DDA,en.cataclysmdda.com,2016-01,2139,1566,291,165,117,29
Cataclysm-DDA,en.cataclysmdda.com,2016-02,3837,2817,488,287,245,29
Cataclysm-DDA,en.cataclysmdda.com,2016-03,5320,3815,687,441,377,31
Cataclysm-DDA,en.cataclysmdda.com,2016-04,6773,4792,930,523,528,31
Cataclysm-DDA,en.cataclysmdda.com,2016-05,8772,6189,1207,662,714,43
Cataclysm-DDA,en.cataclysmdda.com,2016-06,10194,7177,1412,761,844,43
Cataclysm-DDA,en.cataclysmdda.com,2016-07,11487,8097,1571,827,992,43
Cataclysm-DDA,en.cataclysmdda.com,2016-08,12632,8840,1733,938,1121,43
Cataclysm-DDA,en.cataclysmdda.com,2016-09,14289,10106,1914,1006,1263,43
Cataclysm-DDA,en.cataclysmdda.com,2016-10,15744,11188,2058,1081,1417,43
Cataclysm-DDA,en.cataclysmdda.com,2016-11,17702,12746,2234,1115,1607,43
Cataclysm-DDA,en.cataclysmdda.com,2016-12,19473,14089,2390,1215,1779,43
Cataclysm-DDA,en.cataclysmdda.com,2017-01,20820,15077,2536,1320,1887,43
Cataclysm-DDA,en.cataclysmdda.com,2017-02,22051,15957,2677,1424,1993,43
Cataclysm-DDA,en.cataclysmdda.com,2017-03,23049,16683,2797,1457,2112,43
Cataclysm-DDA,en.cataclysmdda.com,2017-04,23920,17328,2883,1509,2200,43
RocketChat,rocket.chat,2016-01,1748,1194,79,235,240,27
RocketChat,rocket.chat,2016-02,3058,2105,139,344,470,27
RocketChat,rocket.chat,2016-03,4516,3020,232,562,702,27
RocketChat,rocket.chat,2016-04,6306,4092,351,911,952,36
RocketChat,rocket.chat,2016-05,7801,4993,446,1155,1207,47
RocketChat,rocket.chat,2016-06,9037,5784,511,1342,1400,47
RocketChat,rocket.chat,2016-07,9933,6311,582,1489,1551,47
RocketChat,rocket.chat,2016-08,11307,7167,674,1724,1742,47
RocketChat,rocket.chat,2016-09,13092,8167,798,2166,1961,47
RocketChat,rocket.chat,2016-10,14405,8971,910,2380,2144,47
RocketChat,rocket.chat,2016-11,15677,9742,985,2611,2339,47
RocketChat,rocket.chat,2016-12,17299,10626,1099,3037,2537,47
RocketChat,rocket.chat,2017-01,19138,11782,1259,3264,2833,47
RocketChat,rocket.chat,2017-02,20513,12603,1370,3475,3065,47
RocketChat,rocket.chat,2017-03,22163,13574,1503,3791,3295,47
RocketChat,rocket.chat,2017-04,23509,14389,1603,4028,3489,47
Automattic Jetpack,jetpack.com,2016-01,817,402,94,263,58,30
Automattic Jetpack,jetpack.com,2016-02,1440,699,171,465,105,30
Automattic Jetpack,jetpack.com,2016-03,2299,1013,270,859,157,35
Automattic Jetpack,jetpack.com,2016-04,3195,1348,353,1287,207,35
Automattic Jetpack,jetpack.com,2016-05,4861,2005,532,1994,330,42
Automattic Jetpack,jetpack.com,2016-06,6256,2610,673,2572,401,42
Automattic Jetpack,jetpack.com,2016-07,8209,3343,893,3439,534,42
Automattic Jetpack,jetpack.com,2016-08,10450,4226,1204,4356,664,42
Automattic Jetpack,jetpack.com,2016-09,11294,4593,1304,4646,751,42
Automattic Jetpack,jetpack.com,2016-10,12518,5083,1442,5152,841,42
Automattic Jetpack,jetpack.com,2016-11,14653,6004,1640,6037,972,55
Automattic Jetpack,jetpack.com,2016-12,16173,6563,1797,6753,1060,55
Automattic Jetpack,jetpack.com,2017-01,17766,7406,1908,7279,1173,55
Automattic Jetpack,jetpack.com,2017-02,19621,8372,2103,7869,1277,66
Automattic Jetpack,jetpack.com,2017-03,21737,9488,2301,8541,1407,66
Automattic Jetpack,jetpack.com,2017-04,22965,10086,2427,8930,1522,66
NativeScript,nativescript.org,2016-01,885,604,51,120,110,14
NativeScript,nativescript.org,2016-02,1989,1311,122,307,249,20
NativeScript,nativescript.org,2016-03,3653,2260,265,714,414,55
NativeScript,nativescript.org,2016-04,4852,2882,360,1078,532,55
NativeScript,nativescript.org,2016-05,6325,3662,509,1455,699,62
NativeScript,nativescript.org,2016-06,8689,5052,714,2048,875,66
NativeScript,nativescript.org,2016-07,10172,5935,838,2372,1027,66
NativeScript,nativescript.org,2016-08,11203,6630,895,2525,1153,66
NativeScript,nativescript.org,2016-09,12529,7510,980,2718,1321,66
NativeScript,nativescript.org,2016-10,13520,8170,1057,2868,1425,66
NativeScript,nativescript.org,2016-11,15265,9173,1204,3224,1664,69
NativeScript,nativescript.org,2016-12,16707,10015,1337,3521,1834,69
NativeScript,nativescript.org,2017-01,17855,10589,1470,3846,1950,69
NativeScript,nativescript.org,2017-02,19344,11543,1580,4078,2143,69
NativeScript,nativescript.org,2017-03,20826,12367,1718,4429,2312,69
NativeScript,nativescript.org,2017-04,22083,13142,1810,4662,2469,69
Broad Institute,broadinstitute.org,2016-01,471,248,43,163,17,15
Broad Institute,broadinstitute.org,2016-02,1432,680,118,569,65,25
Broad Institute,broadinstitute.org,2016-03,3371,1593,254,1288,236,25
Broad Institute,broadinstitute.org,2016-04,4567,2135,332,1752,348,25
Broad Institute,broadinstitute.org,2016-05,6458,2892,448,2632,486,63
Broad Institute,broadinstitute.org,2016-06,9272,4140,643,3796,693,63
Broad Institute,broadinstitute.org,2016-07,10919,4873,749,4463,834,63
Broad Institute,broadinstitute.org,2016-08,12944,5759,959,5189,1037,63
Broad Institute,broadinstitute.org,2016-09,14138,6253,1049,5685,1151,63
Broad Institute,broadinstitute.org,2016-10,15238,6792,1112,6041,1293,63
Broad Institute,broadinstitute.org,2016-11,16065,7197,1184,6330,1354,63
Broad Institute,broadinstitute.org,2016-12,17164,7757,1265,6711,1431,63
Broad Institute,broadinstitute.org,2017-01,17543,7973,1297,6824,1449,63
Broad Institute,broadinstitute.org,2017-02,18545,8534,1360,7103,1548,63
Broad Institute,broadinstitute.org,2017-03,20031,9291,1457,7613,1670,63
Broad Institute,broadinstitute.org,2017-04,21529,10040,1558,8124,1807,63
Mattermost,mattermost.org,2016-01,1157,682,159,231,85,22
Mattermost,mattermost.org,2016-02,2587,1557,351,512,167,22
Mattermost,mattermost.org,2016-03,4337,2669,578,813,277,22
Mattermost,mattermost.org,2016-04,5532,3343,750,1096,343,22
Mattermost,mattermost.org,2016-05,7340,4411,1061,1460,408,36
Mattermost,mattermost.org,2016-06,8755,5175,1293,1841,446,36
Mattermost,mattermost.org,2016-07,10031,5883,1500,2162,486,36
Mattermost,mattermost.org,2016-08,11689,6684,1757,2722,526,38
Mattermost,mattermost.org,2016-09,12683,7189,1912,3010,572,38
Mattermost,mattermost.org,2016-10,13523,7604,2078,3202,639,38
Mattermost,mattermost.org,2016-11,14527,8030,2298,3498,701,38
Mattermost,mattermost.org,2016-12,15553,8600,2466,3717,770,38
Mattermost,mattermost.org,2017-01,16903,9120,2738,4177,868,42
Mattermost,mattermost.org,2017-02,18352,9669,3025,4668,990,46
Mattermost,mattermost.org,2017-03,19683,10216,3324,5106,1037,46
Mattermost,mattermost.org,2017-04,21477,11258,3589,5496,1134,46
eslint,eslint.org,2016-01,1307,970,100,81,156,23
eslint,eslint.org,2016-02,3070,2361,222,161,326,23
eslint,eslint.org,2016-03,4533,3460,338,230,505,23
eslint,eslint.org,2016-04,6296,4847,455,355,639,32
eslint,eslint.org,2016-05,7890,6071,545,495,779,32
eslint,eslint.org,2016-06,9295,7171,633,572,919,32
eslint,eslint.org,2016-07,10633,8210,708,666,1049,34
eslint,eslint.org,2016-08,12087,9343,779,795,1170,34
eslint,eslint.org,2016-09,13228,10224,882,852,1270,34
eslint,eslint.org,2016-10,14514,11160,932,1035,1387,34
eslint,eslint.org,2016-11,15560,11979,970,1128,1483,34
eslint,eslint.org,2016-12,16430,12681,1005,1185,1559,34
eslint,eslint.org,2017-01,17628,13596,1069,1303,1660,34
eslint,eslint.org,2017-02,18687,14340,1143,1455,1749,34
eslint,eslint.org,2017-03,19556,14967,1197,1553,1839,34
eslint,eslint.org,2017-04,20608,15699,1252,1721,1936,34
PX4,"",2016-01,884,604,109,87,84,13
PX4,"",2016-02,2268,1545,226,305,192,17
PX4,"",2016-03,3587,2442,342,509,294,20
PX4,"",2016-04,4969,3342,517,725,385,20
PX4,"",2016-05,6522,4329,683,1014,496,30
PX4,"",2016-06,7629,5045,795,1205,584,30
PX4,"",2016-07,8658,5731,888,1378,661,30
PX4,"",2016-08,9863,6465,1019,1634,745,30
PX4,"",2016-09,10874,7073,1117,1878,806,30
PX4,"",2016-10,12110,7923,1218,2065,904,30
PX4,"",2016-11,13145,8684,1313,2197,951,31
PX4,"",2016-12,14511,9556,1446,2469,1040,31
PX4,"",2017-01,15656,10320,1548,2666,1122,31
PX4,"",2017-02,16914,11107,1686,2924,1197,32
PX4,"",2017-03,18455,12168,1812,3145,1330,32
PX4,"",2017-04,20373,13579,1944,3434,1416,41
The Void distribution,voidlinux.eu,2016-01,1216,294,202,679,41,45
The Void distribution,voidlinux.eu,2016-02,2525,613,407,1428,77,45
The Void distribution,voidlinux.eu,2016-03,4173,1287,565,2176,145,45
The Void distribution,voidlinux.eu,2016-04,5519,1681,689,2962,187,45
The Void distribution,voidlinux.eu,2016-05,6790,2052,787,3702,249,55
The Void distribution,voidlinux.eu,2016-06,7760,2393,876,4181,310,55
The Void distribution,voidlinux.eu,2016-07,8579,2650,984,4608,337,55
The Void distribution,voidlinux.eu,2016-08,9629,2977,1095,5173,384,55
The Void distribution,voidlinux.eu,2016-09,11019,3471,1207,5903,438,55
The Void distribution,voidlinux.eu,2016-10,12767,4030,1379,6860,498,55
The Void distribution,voidlinux.eu,2016-11,13904,4386,1510,7480,528,55
The Void distribution,voidlinux.eu,2016-12,15047,4697,1647,8126,577,55
The Void distribution,voidlinux.eu,2017-01,16273,5044,1808,8804,617,59
The Void distribution,voidlinux.eu,2017-02,17350,5421,1959,9301,669,59
The Void distribution,voidlinux.eu,2017-03,18491,5794,2113,9867,717,59
The Void distribution,voidlinux.eu,2017-04,19532,6031,2300,10444,757,59
Flutter,flutter.io,2016-01,652,382,74,80,116,12
Flutter,flutter.io,2016-02,1359,785,154,159,261,15
Flutter,flutter.io,2016-03,2545,1486,278,279,502,23
Flutter,flutter.io,2016-04,3370,1965,370,370,665,23
Flutter,flutter.io,2016-05,4290,2478,487,481,844,23
Flutter,flutter.io,2016-06,5448,3181,616,598,1053,23
Flutter,flutter.io,2016-07,6521,3809,705,722,1285,23
Flutter,flutter.io,2016-08,7550,4408,866,870,1406,23
Flutter,flutter.io,2016-09,8680,5120,994,993,1573,23
Flutter,flutter.io,2016-10,9754,5776,1122,1108,1748,23
Flutter,flutter.io,2016-11,11144,6676,1271,1234,1963,23
Flutter,flutter.io,2016-12,11879,7172,1341,1294,2072,23
Flutter,flutter.io,2017-01,12938,7866,1461,1400,2211,23
Flutter,flutter.io,2017-02,14473,8824,1649,1546,2454,23
Flutter,flutter.io,2017-03,16254,9849,1925,1800,2680,23
Flutter,flutter.io,2017-04,18986,11768,2191,2055,2972,33
Baystation12,baystation12.net,2016-01,910,511,159,148,92,25
Baystation12,baystation12.net,2016-02,1779,962,330,331,156,29
Baystation12,baystation12.net,2016-03,2493,1340,463,452,238,29
Baystation12,baystation12.net,2016-04,3622,2026,657,621,318,37
Baystation12,baystation12.net,2016-05,4771,2687,845,822,417,44
Baystation12,baystation12.net,2016-06,6123,3572,1013,995,543,44
Baystation12,baystation12.net,2016-07,7628,4563,1229,1179,657,44
Baystation12,baystation12.net,2016-08,8569,5148,1378,1306,737,44
Baystation12,baystation12.net,2016-09,9588,5733,1564,1473,818,44
Baystation12,baystation12.net,2016-10,10300,6168,1695,1586,851,44
Baystation12,baystation12.net,2016-11,11098,6645,1844,1708,901,44
Baystation12,baystation12.net,2016-12,12499,7567,2046,1867,1019,44
Baystation12,baystation12.net,2017-01,14576,8958,2339,2123,1156,44
Baystation12,baystation12.net,2017-02,16449,10174,2629,2358,1288,44
Baystation12,baystation12.net,2017-03,17832,11160,2815,2505,1352,44
Baystation12,baystation12.net,2017-04,18828,11857,2950,2626,1395,44
Airbnb,airbnb.io,2016-01,817,449,113,181,74,51
Airbnb,airbnb.io,2016-02,1953,1165,237,358,193,51
Airbnb,airbnb.io,2016-03,3171,1912,384,577,298,60
Airbnb,airbnb.io,2016-04,4211,2606,518,670,417,60
Airbnb,airbnb.io,2016-05,5023,3119,604,772,528,60
Airbnb,airbnb.io,2016-06,6083,3770,713,958,642,60
Airbnb,airbnb.io,2016-07,6847,4220,785,1067,775,60
Airbnb,airbnb.io,2016-08,7944,4845,896,1303,900,60
Airbnb,airbnb.io,2016-09,9457,5807,1029,1558,1063,60
Airbnb,airbnb.io,2016-10,10983,6773,1187,1733,1290,60
Airbnb,airbnb.io,2016-11,12346,7613,1316,1952,1465,60
Airbnb,airbnb.io,2016-12,12966,7961,1397,2059,1549,60
Airbnb,airbnb.io,2017-01,13722,8387,1480,2202,1653,60
Airbnb,airbnb.io,2017-02,16102,9704,1706,2681,2011,77
Airbnb,airbnb.io,2017-03,17532,10584,1837,2881,2230,77
Airbnb,airbnb.io,2017-04,18245,10984,1932,3022,2307,77
frappe,"",2016-01,814,312,128,271,103,29
frappe,"",2016-02,1474,613,232,432,197,29
frappe,"",2016-03,2447,931,410,792,314,36
frappe,"",2016-04,3402,1331,538,1087,446,36
frappe,"",2016-05,3815,1483,612,1206,514,36
frappe,"",2016-06,4405,1764,675,1322,644,36
frappe,"",2016-07,5591,2190,880,1668,853,36
frappe,"",2016-08,6871,2710,1075,2021,1065,39
frappe,"",2016-09,8038,3135,1295,2373,1235,41
frappe,"",2016-10,9130,3513,1492,2713,1412,41
frappe,"",2016-11,10460,3984,1752,3086,1638,48
frappe,"",2016-12,11802,4528,1966,3468,1840,48
frappe,"",2017-01,12893,4932,2152,3772,2037,48
frappe,"",2017-02,14009,5389,2368,4032,2220,48
frappe,"",2017-03,15531,5913,2665,4436,2517,58
frappe,"",2017-04,17323,6757,2956,4801,2809,58
Chef,chef.io/chef,2016-01,1491,621,167,637,66,59
Chef,chef.io/chef,2016-02,2869,1365,298,1064,142,62
Chef,chef.io/chef,2016-03,3622,1818,368,1257,179,62
Chef,chef.io/chef,2016-04,5303,2472,507,2061,263,62
Chef,chef.io/chef,2016-05,6818,3194,656,2630,338,66
Chef,chef.io/chef,2016-06,7330,3476,700,2783,371,66
Chef,chef.io/chef,2016-07,7777,3701,738,2934,404,66
Chef,chef.io/chef,2016-08,8916,4190,853,3383,490,66
Chef,chef.io/chef,2016-09,10469,4844,1036,4001,588,66
Chef,chef.io/chef,2016-10,11255,5200,1127,4278,650,66
Chef,chef.io/chef,2016-11,12312,5728,1226,4632,726,66
Chef,chef.io/chef,2016-12,13380,6218,1355,5015,792,66
Chef,chef.io/chef,2017-01,14190,6641,1433,5252,864,66
Chef,chef.io/chef,2017-02,14659,6852,1479,5434,894,66
Chef,chef.io/chef,2017-03,15853,7361,1636,5887,969,66
Chef,chef.io/chef,2017-04,17122,7955,1781,6307,1079,66
RIOT-OS,"",2016-01,1216,989,119,74,34,17
RIOT-OS,"",2016-02,2362,1980,205,124,53,17
RIOT-OS,"",2016-03,3567,3063,269,162,73,17
RIOT-OS,"",2016-04,4650,3952,364,238,96,24
RIOT-OS,"",2016-05,5593,4750,429,294,120,26
RIOT-OS,"",2016-06,6626,5624,507,342,153,26
RIOT-OS,"",2016-07,7748,6610,587,380,171,26
RIOT-OS,"",2016-08,8445,7213,633,406,193,26
RIOT-OS,"",2016-09,9291,7917,712,453,209,26
RIOT-OS,"",2016-10,10332,8803,793,506,230,26
RIOT-OS,"",2016-11,11213,9550,875,539,249,26
RIOT-OS,"",2016-12,12060,10242,963,587,268,26
RIOT-OS,"",2017-01,13363,11345,1078,639,301,26
RIOT-OS,"",2017-02,14324,12084,1185,725,330,27
RIOT-OS,"",2017-03,15763,13244,1329,830,360,27
RIOT-OS,"",2017-04,16887,14118,1450,932,387,27
deeplearning4j,"",2016-01,500,84,52,314,50,12
deeplearning4j,"",2016-02,1152,205,110,727,110,21
deeplearning4j,"",2016-03,2147,494,251,1143,259,32
deeplearning4j,"",2016-04,3282,828,385,1701,368,33
deeplearning4j,"",2016-05,4778,1401,535,2285,557,52
deeplearning4j,"",2016-06,5519,1728,604,2556,631,52
deeplearning4j,"",2016-07,6682,2134,738,3063,747,52
deeplearning4j,"",2016-08,7225,2358,792,3244,831,52
deeplearning4j,"",2016-09,7665,2458,843,3489,875,52
deeplearning4j,"",2016-10,8594,2848,935,3827,984,52
deeplearning4j,"",2016-11,10009,3438,1062,4389,1120,52
deeplearning4j,"",2016-12,11451,3980,1216,4979,1276,54
deeplearning4j,"",2017-01,12725,4404,1317,5593,1411,54
deeplearning4j,"",2017-02,13914,4907,1437,6056,1514,54
deeplearning4j,"",2017-03,15172,5537,1561,6359,1715,55
deeplearning4j,"",2017-04,16584,6149,1646,6928,1861,55
EFForg,"",2016-01,1138,533,281,256,68,49
EFForg,"",2016-02,1864,966,428,352,118,49
EFForg,"",2016-03,2935,1574,647,501,213,49
EFForg,"",2016-04,3558,1904,805,601,248,49
EFForg,"",2016-05,4379,2339,1101,653,286,49
EFForg,"",2016-06,5552,2716,1717,788,331,49
EFForg,"",2016-07,6234,3079,1956,817,382,49
EFForg,"",2016-08,7529,3698,2469,915,447,49
EFForg,"",2016-09,8736,4364,2903,957,512,49
EFForg,"",2016-10,9608,4880,3090,1075,563,49
EFForg,"",2016-11,10445,5401,3270,1132,642,49
EFForg,"",2016-12,11376,5921,3575,1209,671,49
EFForg,"",2017-01,12388,6514,3808,1303,763,49
EFForg,"",2017-02,13456,6853,4329,1468,806,49
EFForg,"",2017-03,14672,7445,4797,1569,861,49
EFForg,"",2017-04,15888,7894,5155,1926,913,49
systemd,"",2016-01,980,660,136,79,105,31
systemd,"",2016-02,2148,1485,288,155,220,31
systemd,"",2016-03,2976,2068,380,230,298,39
systemd,"",2016-04,4055,2858,518,294,385,39
systemd,"",2016-05,5032,3528,649,363,492,39
systemd,"",2016-06,5944,4189,756,424,575,39
systemd,"",2016-07,6723,4737,860,472,654,39
systemd,"",2016-08,7606,5363,958,531,754,39
systemd,"",2016-09,8340,5861,1046,597,836,42
systemd,"",2016-10,9722,6888,1192,695,947,42
systemd,"",2016-11,10868,7730,1300,770,1068,42
systemd,"",2016-12,11698,8307,1388,820,1183,42
systemd,"",2017-01,12435,8775,1485,895,1280,43
systemd,"",2017-02,13605,9621,1614,979,1391,43
systemd,"",2017-03,14546,10318,1704,1037,1487,43
systemd,"",2017-04,15646,11146,1795,1120,1585,50
w3c,"",2016-01,259,135,50,62,12,28
w3c,"",2016-02,557,282,65,169,41,28
w3c,"",2016-03,828,379,85,299,65,28
w3c,"",2016-04,2183,1211,267,550,155,71
w3c,"",2016-05,3537,2018,406,862,251,71
w3c,"",2016-06,4669,2522,605,1225,317,79
w3c,"",2016-07,5221,2906,622,1283,410,79
w3c,"",2016-08,6115,3329,878,1475,433,79
w3c,"",2016-09,7175,3842,1068,1765,500,79
w3c,"",2016-10,8278,4310,1321,2101,546,79
w3c,"",2016-11,9773,5255,1475,2363,680,90
w3c,"",2016-12,10363,5513,1584,2571,695,90
w3c,"",2017-01,11937,6366,1818,2907,846,90
w3c,"",2017-02,12989,6900,2044,3176,869,90
w3c,"",2017-03,13849,7396,2201,3353,899,90
w3c,"",2017-04,15393,8312,2425,3621,1035,90
idaholab,"",2016-01,847,523,95,151,78,20
idaholab,"",2016-02,1569,968,188,248,165,21
idaholab,"",2016-03,2394,1490,291,372,241,22
idaholab,"",2016-04,3375,2118,398,513,346,22
idaholab,"",2016-05,4530,2901,512,672,445,33
idaholab,"",2016-06,5328,3443,584,793,508,33
idaholab,"",2016-07,6300,4072,682,949,597,33
idaholab,"",2016-08,7288,4658,802,1125,703,33
idaholab,"",2016-09,8134,5234,881,1263,756,33
idaholab,"",2016-10,9165,5916,986,1424,839,33
idaholab,"",2016-11,10121,6566,1087,1558,910,33
idaholab,"",2016-12,10670,6920,1143,1649,958,33
idaholab,"",2017-01,11792,7704,1246,1813,1029,33
idaholab,"",2017-02,12676,8287,1350,1929,1110,33
idaholab,"",2017-03,13855,9048,1483,2138,1186,33
idaholab,"",2017-04,15054,9691,1615,2437,1311,34
hazelcast,"",2016-01,1090,684,131,167,108,22
hazelcast,"",2016-02,2206,1368,268,377,193,27
hazelcast,"",2016-03,3449,2121,467,600,261,27
hazelcast,"",2016-04,4377,2757,578,711,331,27
hazelcast,"",2016-05,5815,3733,718,926,438,40
hazelcast,"",2016-06,6901,4393,859,1131,518,40
hazelcast,"",2016-07,7706,4912,949,1259,586,40
hazelcast,"",2016-08,8456,5344,1068,1368,676,40
hazelcast,"",2016-09,9334,5825,1205,1552,752,40
hazelcast,"",2016-10,10132,6261,1332,1725,814,40
hazelcast,"",2016-11,10805,6644,1436,1868,857,40
hazelcast,"",2016-12,11688,7102,1596,2074,916,40
hazelcast,"",2017-01,12699,7666,1748,2282,1003,40
hazelcast,"",2017-02,13332,7933,1873,2440,1086,40
hazelcast,"",2017-03,14108,8313,2015,2622,1158,40
hazelcast,"",2017-04,15050,8791,2188,2811,1260,40
JabRef,"",2016-01,852,485,77,213,77,19
JabRef,"",2016-02,1635,932,160,403,140,19
JabRef,"",2016-03,3013,1881,276,638,218,19
JabRef,"",2016-04,4669,2875,437,1030,327,27
JabRef,"",2016-05,5544,3423,513,1209,399,29
JabRef,"",2016-06,6017,3705,543,1326,443,29
JabRef,"",2016-07,6901,4289,631,1507,474,29
JabRef,"",2016-08,7874,4897,706,1720,551,29
JabRef,"",2016-09,9010,5679,854,1855,622,29
JabRef,"",2016-10,9888,6247,923,2048,670,29
JabRef,"",2016-11,10558,6647,975,2206,730,29
JabRef,"",2016-12,11545,7121,1054,2597,773,29
JabRef,"",2017-01,11984,7422,1077,2667,818,29
JabRef,"",2017-02,12668,7770,1131,2904,863,29
JabRef,"",2017-03,13400,8213,1185,3085,917,29
JabRef,"",2017-04,14012,8536,1237,3262,977,29
emberjs,"",2016-01,1106,766,105,134,101,33
emberjs,"",2016-02,1488,1042,137,176,133,33
emberjs,"",2016-03,2939,2049,306,340,244,47
emberjs,"",2016-04,4293,3010,447,499,337,50
emberjs,"",2016-05,5298,3680,581,639,398,50
emberjs,"",2016-06,6577,4504,782,783,508,50
emberjs,"",2016-07,7423,5045,898,894,586,50
emberjs,"",2016-08,8128,5504,976,994,654,50
emberjs,"",2016-09,9001,6082,1071,1084,764,50
emberjs,"",2016-10,10082,6821,1190,1227,844,50
emberjs,"",2016-11,10454,7078,1221,1266,889,50
emberjs,"",2016-12,10933,7400,1259,1325,949,50
emberjs,"",2017-01,11572,7773,1349,1434,1016,50
emberjs,"",2017-02,11816,7919,1376,1487,1034,50
emberjs,"",2017-03,12960,8589,1559,1676,1136,60
emberjs,"",2017-04,13811,9148,1652,1822,1189,60
galaxyproject,"",2016-01,836,593,88,72,83,14
galaxyproject,"",2016-02,1944,1378,196,194,176,19
galaxyproject,"",2016-03,3468,2434,382,365,287,31
galaxyproject,"",2016-04,4437,3039,522,513,363,31
galaxyproject,"",2016-05,5195,3514,622,633,426,31
galaxyproject,"",2016-06,5840,3954,698,698,490,31
galaxyproject,"",2016-07,6597,4506,779,789,523,31
galaxyproject,"",2016-08,7619,5220,905,910,584,31
galaxyproject,"",2016-09,8252,5673,977,981,621,31
galaxyproject,"",2016-10,8824,6055,1055,1055,659,31
galaxyproject,"",2016-11,9433,6472,1130,1122,709,31
galaxyproject,"",2016-12,10052,6873,1212,1199,768,31
galaxyproject,"",2017-01,10719,7317,1307,1287,808,31
galaxyproject,"",2017-02,11693,7788,1449,1578,878,31
galaxyproject,"",2017-03,12895,8371,1589,1972,963,31
galaxyproject,"",2017-04,13592,8854,1663,2046,1029,31
OfficeDev,"",2016-01,411,208,36,140,27,20
OfficeDev,"",2016-02,933,499,71,267,96,20
OfficeDev,"",2016-03,2145,892,298,744,211,82
OfficeDev,"",2016-04,2739,1064,379,1038,258,82
OfficeDev,"",2016-05,4193,1618,572,1664,339,82
OfficeDev,"",2016-06,4972,1889,750,1912,421,82
OfficeDev,"",2016-07,5337,2031,783,2055,468,82
OfficeDev,"",2016-08,6437,2398,1048,2447,544,82
OfficeDev,"",2016-09,6923,2560,1163,2628,572,82
OfficeDev,"",2016-10,7666,2848,1298,2875,645,82
OfficeDev,"",2016-11,8840,3352,1454,3227,807,82
OfficeDev,"",2016-12,9354,3524,1527,3419,884,82
OfficeDev,"",2017-01,10325,4004,1676,3661,984,82
OfficeDev,"",2017-02,11094,4375,1800,3814,1105,82
OfficeDev,"",2017-03,12200,4911,1942,4102,1245,82
OfficeDev,"",2017-04,13157,5431,2079,4255,1392,82
rapid7,"",2016-01,849,671,63,69,46,37
rapid7,"",2016-02,1528,1167,145,137,79,37
rapid7,"",2016-03,2241,1645,232,250,114,39
rapid7,"",2016-04,2885,2103,297,329,156,39
rapid7,"",2016-05,3552,2567,363,431,191,39
rapid7,"",2016-06,4285,3096,448,509,232,39
rapid7,"",2016-07,4966,3562,519,604,281,43
rapid7,"",2016-08,5589,4021,578,674,316,43
rapid7,"",2016-09,6411,4616,667,773,355,46
rapid7,"",2016-10,7287,5274,740,863,410,46
rapid7,"",2016-11,8124,5887,811,959,467,46
rapid7,"",2016-12,9047,6589,891,1046,521,46
rapid7,"",2017-01,9989,7314,972,1139,564,46
rapid7,"",2017-02,10834,7932,1064,1226,612,46
rapid7,"",2017-03,11785,8659,1152,1315,659,46
rapid7,"",2017-04,12798,9424,1251,1413,710,46
neo4j,"",2016-01,711,326,139,216,30,29
neo4j,"",2016-02,1554,690,346,458,60,29
neo4j,"",2016-03,2725,1208,591,821,105,36
neo4j,"",2016-04,3623,1580,756,1142,145,36
neo4j,"",2016-05,4759,2099,961,1506,193,49
neo4j,"",2016-06,5626,2437,1142,1821,226,49
neo4j,"",2016-07,6398,2710,1283,2147,258,49
neo4j,"",2016-08,7068,2951,1442,2395,280,49
neo4j,"",2016-09,8008,3342,1651,2717,298,49
neo4j,"",2016-10,8790,3626,1840,2995,329,49
neo4j,"",2016-11,9478,3860,2003,3266,349,49
neo4j,"",2016-12,9963,4064,2084,3445,370,49
neo4j,"",2017-01,10723,4376,2239,3720,388,49
neo4j,"",2017-02,11389,4633,2383,3957,416,49
neo4j,"",2017-03,12171,4908,2569,4245,449,49
neo4j,"",2017-04,12668,5090,2703,4401,474,49
open-mpi,"",2016-01,450,323,44,63,20,14
open-mpi,"",2016-02,952,698,93,123,38,14
open-mpi,"",2016-03,1534,1111,153,213,57,16
open-mpi,"",2016-04,2162,1543,220,309,90,18
open-mpi,"",2016-05,2968,2188,284,377,119,20
open-mpi,"",2016-06,3651,2726,328,442,155,20
open-mpi,"",2016-07,4201,3130,384,514,173,20
open-mpi,"",2016-08,4878,3613,463,615,187,20
open-mpi,"",2016-09,5704,4234,549,707,214,20
open-mpi,"",2016-10,6566,4821,682,824,239,20
open-mpi,"",2016-11,7438,5407,817,949,265,22
open-mpi,"",2016-12,8293,5956,943,1086,308,22
open-mpi,"",2017-01,9493,6742,1137,1260,354,26
open-mpi,"",2017-02,10594,7506,1277,1416,395,28
open-mpi,"",2017-03,11578,8138,1425,1568,447,28
open-mpi,"",2017-04,12529,8809,1563,1676,481,28
acemod,"",2016-01,1079,757,72,170,80,14
acemod,"",2016-02,2390,1585,187,439,179,30
acemod,"",2016-03,3459,2321,273,602,263,30
acemod,"",2016-04,3964,2629,326,697,312,30
acemod,"",2016-05,4782,3109,399,917,357,32
acemod,"",2016-06,5761,3660,510,1186,405,32
acemod,"",2016-07,6796,4322,602,1390,482,32
acemod,"",2016-08,7600,4791,689,1603,517,32
acemod,"",2016-09,8849,5544,795,1921,589,32
acemod,"",2016-10,9684,6075,868,2093,648,32
acemod,"",2016-11,10273,6352,947,2292,682,32
acemod,"",2016-12,10715,6545,982,2478,710,32
acemod,"",2017-01,11017,6716,1012,2542,747,32
acemod,"",2017-02,11440,6972,1052,2613,803,32
acemod,"",2017-03,11890,7256,1099,2687,848,32
acemod,"",2017-04,12263,7514,1130,2732,887,32
druid-io,"",2016-01,893,648,127,77,41,22
druid-io,"",2016-02,1978,1375,266,252,85,27
druid-io,"",2016-03,3343,2288,503,409,143,27
druid-io,"",2016-04,4146,2850,615,490,191,27
druid-io,"",2016-05,5000,3454,730,565,251,27
druid-io,"",2016-06,6024,4125,908,700,291,27
druid-io,"",2016-07,6596,4538,974,749,335,27
druid-io,"",2016-08,7223,4980,1062,806,375,27
druid-io,"",2016-09,7817,5394,1143,861,419,27
druid-io,"",2016-10,8334,5734,1222,920,458,27
druid-io,"",2016-11,9009,6236,1306,984,483,27
druid-io,"",2016-12,9559,6632,1369,1046,512,27
druid-io,"",2017-01,10100,7029,1438,1088,545,27
druid-io,"",2017-02,10826,7573,1535,1149,569,27
druid-io,"",2017-03,11519,8092,1585,1216,626,27
druid-io,"",2017-04,11917,8351,1645,1253,668,27
openwrt,"",2016-01,520,284,99,114,23,45
openwrt,"",2016-02,981,552,183,191,55,45
openwrt,"",2016-03,1550,869,279,314,88,47
openwrt,"",2016-04,1988,1143,346,392,107,47
openwrt,"",2016-05,2607,1501,470,500,136,58
openwrt,"",2016-06,3205,1871,563,606,165,58
openwrt,"",2016-07,3729,2205,644,698,182,58
openwrt,"",2016-08,4260,2539,742,780,199,58
openwrt,"",2016-09,4919,2918,866,911,224,58
openwrt,"",2016-10,5595,3311,994,1032,258,58
openwrt,"",2016-11,6612,3910,1203,1188,311,75
openwrt,"",2016-12,7624,4611,1333,1322,358,75
openwrt,"",2017-01,9412,5814,1555,1591,452,98
openwrt,"",2017-02,10480,6491,1716,1778,495,98
openwrt,"",2017-03,11320,7014,1844,1923,539,98
openwrt,"",2017-04,11832,7326,1921,2025,560,98
Microsoft Orleans,dotnet.github.io/orleans,2016-01,1075,801,80,132,62,23
Microsoft Orleans,dotnet.github.io/orleans,2016-02,2069,1541,155,223,150,23
Microsoft Orleans,dotnet.github.io/orleans,2016-03,2875,2125,242,317,191,23
Microsoft Orleans,dotnet.github.io/orleans,2016-04,3467,2564,296,372,235,23
Microsoft Orleans,dotnet.github.io/orleans,2016-05,3989,2944,340,433,272,25
Microsoft Orleans,dotnet.github.io/orleans,2016-06,4693,3501,390,485,317,25
Microsoft Orleans,dotnet.github.io/orleans,2016-07,5417,4034,469,559,355,25
Microsoft Orleans,dotnet.github.io/orleans,2016-08,6210,4643,529,631,407,29
Microsoft Orleans,dotnet.github.io/orleans,2016-09,6964,5165,629,721,449,29
Microsoft Orleans,dotnet.github.io/orleans,2016-10,7809,5772,729,824,484,29
Microsoft Orleans,dotnet.github.io/orleans,2016-11,8396,6221,780,872,523,29
Microsoft Orleans,dotnet.github.io/orleans,2016-12,8903,6583,833,923,564,29
Microsoft Orleans,dotnet.github.io/orleans,2017-01,9610,7118,899,985,608,29
Microsoft Orleans,dotnet.github.io/orleans,2017-02,10397,7671,993,1082,651,29
Microsoft Orleans,dotnet.github.io/orleans,2017-03,10937,8018,1074,1164,681,29
Microsoft Orleans,dotnet.github.io/orleans,2017-04,11355,8313,1124,1212,706,29
SeleniumHQ,"",2016-01,819,568,20,109,122,21
SeleniumHQ,"",2016-02,1662,1157,64,199,242,22
SeleniumHQ,"",2016-03,2462,1645,91,325,401,26
SeleniumHQ,"",2016-04,2912,1921,104,367,520,26
SeleniumHQ,"",2016-05,3440,2229,141,429,641,26
SeleniumHQ,"",2016-06,4330,2779,170,545,836,26
SeleniumHQ,"",2016-07,4884,3135,182,617,950,26
SeleniumHQ,"",2016-08,5463,3493,204,683,1083,26
SeleniumHQ,"",2016-09,6207,3972,238,788,1209,26
SeleniumHQ,"",2016-10,6902,4361,272,915,1354,26
SeleniumHQ,"",2016-11,7635,4863,304,992,1476,26
SeleniumHQ,"",2016-12,8114,5172,331,1041,1570,26
SeleniumHQ,"",2017-01,8660,5515,352,1116,1677,26
SeleniumHQ,"",2017-02,9386,6005,382,1204,1795,26
SeleniumHQ,"",2017-03,10287,6568,401,1381,1937,26
SeleniumHQ,"",2017-04,11349,7297,441,1505,2106,26
xcat2,"",2016-01,536,330,64,71,71,17
xcat2,"",2016-02,845,535,103,102,105,17
xcat2,"",2016-03,1585,1010,188,230,157,21
xcat2,"",2016-04,2209,1414,259,311,225,21
xcat2,"",2016-05,3236,2089,384,430,333,29
xcat2,"",2016-06,4136,2642,505,563,426,29
xcat2,"",2016-07,4912,3135,616,674,487,29
xcat2,"",2016-08,5727,3640,720,793,574,29
xcat2,"",2016-09,6444,4114,794,889,647,29
xcat2,"",2016-10,7158,4618,870,957,713,29
xcat2,"",2016-11,8097,5239,982,1080,796,29
xcat2,"",2016-12,8596,5543,1060,1153,840,29
xcat2,"",2017-01,9080,5858,1124,1222,876,29
xcat2,"",2017-02,9574,6176,1196,1278,924,29
xcat2,"",2017-03,10620,6865,1316,1393,1046,29
xcat2,"",2017-04,11294,7305,1382,1454,1153,29
18F,"",2016-01,210,71,35,93,11,17
18F,"",2016-02,557,282,64,181,30,17
18F,"",2016-03,979,528,121,276,54,17
18F,"",2016-04,1274,572,173,462,67,24
18F,"",2016-05,2988,1255,378,1194,161,71
18F,"",2016-06,4445,1845,549,1806,245,71
18F,"",2016-07,4788,2036,585,1889,278,71
18F,"",2016-08,5631,2379,693,2207,352,71
18F,"",2016-09,6365,2682,791,2470,422,71
18F,"",2016-10,7127,2962,893,2764,508,71
18F,"",2016-11,7523,3099,975,2923,526,71
18F,"",2016-12,7809,3210,1035,3027,537,71
18F,"",2017-01,8355,3485,1097,3197,576,71
18F,"",2017-02,9123,3839,1182,3483,619,71
18F,"",2017-03,9673,4180,1214,3637,642,71
18F,"",2017-04,11037,4708,1388,4158,783,71
Nomad,nomadproject.io,2016-01,605,280,48,230,47,14
Nomad,nomadproject.io,2016-02,1414,602,141,576,95,16
Nomad,nomadproject.io,2016-03,2346,1010,244,937,155,20
Nomad,nomadproject.io,2016-04,2945,1346,293,1072,234,20
Nomad,nomadproject.io,2016-05,3450,1529,346,1303,272,20
Nomad,nomadproject.io,2016-06,4230,1828,453,1625,324,20
Nomad,nomadproject.io,2016-07,4893,2144,529,1854,366,20
Nomad,nomadproject.io,2016-08,5973,2633,657,2262,421,27
Nomad,nomadproject.io,2016-09,6540,2940,713,2417,470,27
Nomad,nomadproject.io,2016-10,7115,3171,779,2633,532,27
Nomad,nomadproject.io,2016-11,7801,3516,859,2826,600,27
Nomad,nomadproject.io,2016-12,8365,3838,896,2964,667,27
Nomad,nomadproject.io,2017-01,9076,4208,952,3187,729,27
Nomad,nomadproject.io,2017-02,9706,4475,1022,3433,776,27
Nomad,nomadproject.io,2017-03,10436,4855,1096,3647,838,27
Nomad,nomadproject.io,2017-04,10972,5152,1126,3796,898,27
auth0,"",2016-01,277,30,76,107,64,29
auth0,"",2016-02,653,83,180,267,123,30
auth0,"",2016-03,1023,149,293,437,144,34
auth0,"",2016-04,1372,191,420,599,162,37
auth0,"",2016-05,1724,236,557,749,182,41
auth0,"",2016-06,2400,379,802,994,225,41
auth0,"",2016-07,3437,806,1060,1280,291,67
auth0,"",2016-08,4411,1302,1256,1512,341,67
auth0,"",2016-09,5285,1683,1466,1765,371,67
auth0,"",2016-10,6363,2081,1684,2124,474,67
auth0,"",2016-11,6969,2268,1863,2348,490,67
auth0,"",2016-12,7685,2417,2056,2662,550,67
auth0,"",2017-01,8764,2681,2323,3115,645,67
auth0,"",2017-02,9231,2743,2495,3331,662,67
auth0,"",2017-03,10107,2989,2711,3667,740,67
auth0,"",2017-04,10599,3030,2885,3922,762,67
pfnet,"",2016-01,475,214,56,178,27,16
pfnet,"",2016-02,1038,446,131,406,55,20
pfnet,"",2016-03,1531,646,208,600,77,20
pfnet,"",2016-04,1828,765,255,712,96,20
pfnet,"",2016-05,2330,966,323,926,115,20
pfnet,"",2016-06,2866,1214,393,1114,145,21
pfnet,"",2016-07,3569,1556,467,1363,183,25
pfnet,"",2016-08,4274,1895,563,1596,220,25
pfnet,"",2016-09,5001,2254,673,1808,266,25
pfnet,"",2016-10,5517,2535,733,1950,299,25
pfnet,"",2016-11,6089,2824,825,2115,325,25
pfnet,"",2016-12,6653,3088,897,2293,375,27
pfnet,"",2017-01,7348,3425,1006,2506,411,29
pfnet,"",2017-02,8367,3962,1133,2811,461,41
pfnet,"",2017-03,9386,4514,1254,3127,491,41
pfnet,"",2017-04,10511,5056,1398,3524,533,41
scipy,"",2016-01,888,703,74,58,53,29
scipy,"",2016-02,1625,1260,143,124,98,33
scipy,"",2016-03,2328,1816,199,164,149,33
scipy,"",2016-04,2920,2262,247,205,206,33
scipy,"",2016-05,3420,2659,284,233,244,33
scipy,"",2016-06,4167,3214,359,285,309,33
scipy,"",2016-07,4738,3653,399,312,374,33
scipy,"",2016-08,5319,4112,445,344,418,33
scipy,"",2016-09,6078,4710,506,396,466,33
scipy,"",2016-10,6814,5315,559,437,503,33
scipy,"",2016-11,7260,5669,596,463,532,33
scipy,"",2016-12,7829,6123,640,494,572,33
scipy,"",2017-01,8493,6657,682,539,615,33
scipy,"",2017-02,9189,7165,756,606,662,33
scipy,"",2017-03,9940,7735,814,656,735,33
scipy,"",2017-04,10481,8133,866,687,795,33
AnalyticalGraphicsInc,"",2016-01,626,342,73,177,34,17
AnalyticalGraphicsInc,"",2016-02,1560,933,180,371,76,17
AnalyticalGraphicsInc,"",2016-03,2392,1379,277,610,126,17
AnalyticalGraphicsInc,"",2016-04,2850,1601,328,762,159,17
AnalyticalGraphicsInc,"",2016-05,3394,1874,387,934,199,22
AnalyticalGraphicsInc,"",2016-06,3914,2126,435,1119,234,22
AnalyticalGraphicsInc,"",2016-07,4252,2322,462,1198,270,22
AnalyticalGraphicsInc,"",2016-08,4853,2613,508,1423,309,22
AnalyticalGraphicsInc,"",2016-09,5554,2920,563,1714,357,22
AnalyticalGraphicsInc,"",2016-10,6473,3466,637,1948,422,23
AnalyticalGraphicsInc,"",2016-11,7056,3769,683,2120,484,23
AnalyticalGraphicsInc,"",2016-12,7579,4080,728,2248,523,23
AnalyticalGraphicsInc,"",2017-01,8383,4575,813,2423,572,23
AnalyticalGraphicsInc,"",2017-02,8956,4910,874,2568,604,23
AnalyticalGraphicsInc,"",2017-03,9609,5286,934,2741,648,23
AnalyticalGraphicsInc,"",2017-04,10327,5727,978,2938,684,23
dotCMS,"",2016-01,286,28,66,168,24,15
dotCMS,"",2016-02,736,95,164,408,69,17
dotCMS,"",2016-03,1135,164,254,601,116,17
dotCMS,"",2016-04,1637,337,320,757,223,18
dotCMS,"",2016-05,2265,589,396,928,352,24
dotCMS,"",2016-06,2724,766,441,1057,460,24
dotCMS,"",2016-07,3237,957,505,1221,554,24
dotCMS,"",2016-08,3945,1222,608,1411,704,24
dotCMS,"",2016-09,4454,1409,656,1576,813,24
dotCMS,"",2016-10,5058,1631,730,1785,912,24
dotCMS,"",2016-11,5705,1838,798,2022,1047,25
dotCMS,"",2016-12,6170,1982,850,2202,1136,25
dotCMS,"",2017-01,6989,2279,955,2491,1264,25
dotCMS,"",2017-02,7817,2580,1053,2770,1414,25
dotCMS,"",2017-03,8911,3007,1187,3073,1644,25
dotCMS,"",2017-04,9725,3286,1304,3364,1771,25
zooniverse,"",2016-01,467,256,37,112,62,15
zooniverse,"",2016-02,964,563,71,209,121,15
zooniverse,"",2016-03,1567,952,120,288,207,15
zooniverse,"",2016-04,2364,1440,200,444,280,22
zooniverse,"",2016-05,3184,1974,265,583,362,22
zooniverse,"",2016-06,3811,2316,334,748,413,22
zooniverse,"",2016-07,4326,2620,382,879,445,22
zooniverse,"",2016-08,4970,3055,439,985,491,22
zooniverse,"",2016-09,5670,3464,517,1124,565,22
zooniverse,"",2016-10,6091,3679,568,1249,595,24
zooniverse,"",2016-11,6851,4103,633,1458,657,24
zooniverse,"",2016-12,7277,4354,682,1561,680,24
zooniverse,"",2017-01,7718,4577,730,1697,714,24
zooniverse,"",2017-02,8134,4777,787,1828,742,24
zooniverse,"",2017-03,8955,5170,889,2096,800,24
zooniverse,"",2017-04,9449,5428,929,2266,826,24
Google Protocol Buffers,developers.google.com/protocol-buffers,2016-01,486,332,50,39,65,16
Google Protocol Buffers,developers.google.com/protocol-buffers,2016-02,918,641,93,75,109,20
Google Protocol Buffers,developers.google.com/protocol-buffers,2016-03,1360,961,143,105,151,20
Google Protocol Buffers,developers.google.com/protocol-buffers,2016-04,1854,1307,194,150,203,20
Google Protocol Buffers,developers.google.com/protocol-buffers,2016-05,2456,1683,285,214,274,25
Google Protocol Buffers,developers.google.com/protocol-buffers,2016-06,2967,2050,341,250,326,25
Google Protocol Buffers,developers.google.com/protocol-buffers,2016-07,3639,2466,433,338,402,25
Google Protocol Buffers,developers.google.com/protocol-buffers,2016-08,4251,2893,497,378,483,25
Google Protocol Buffers,developers.google.com/protocol-buffers,2016-09,4968,3327,581,487,573,30
Google Protocol Buffers,developers.google.com/protocol-buffers,2016-10,5428,3645,624,531,628,30
Google Protocol Buffers,developers.google.com/protocol-buffers,2016-11,6015,4075,672,574,694,30
Google Protocol Buffers,developers.google.com/protocol-buffers,2016-12,6570,4440,736,636,758,30
Google Protocol Buffers,developers.google.com/protocol-buffers,2017-01,7044,4764,785,686,809,30
Google Protocol Buffers,developers.google.com/protocol-buffers,2017-02,7621,5184,840,725,872,30
Google Protocol Buffers,developers.google.com/protocol-buffers,2017-03,8639,5971,920,795,953,30
Google Protocol Buffers,developers.google.com/protocol-buffers,2017-04,9109,6300,964,828,1017,30
Dolibarr,"",2016-01,742,240,116,273,113,22
Dolibarr,"",2016-02,1450,455,228,608,159,22
Dolibarr,"",2016-03,2196,678,371,896,251,23
Dolibarr,"",2016-04,2918,890,534,1183,311,30
Dolibarr,"",2016-05,3372,1027,600,1386,359,31
Dolibarr,"",2016-06,4053,1267,739,1641,406,31
Dolibarr,"",2016-07,4698,1431,823,1990,454,31
Dolibarr,"",2016-08,5105,1530,900,2181,494,31
Dolibarr,"",2016-09,5598,1666,988,2405,539,31
Dolibarr,"",2016-10,6122,1796,1081,2677,568,31
Dolibarr,"",2016-11,6598,1955,1147,2868,628,31
Dolibarr,"",2016-12,7179,2131,1263,3107,678,31
Dolibarr,"",2017-01,7685,2298,1331,3322,734,31
Dolibarr,"",2017-02,8157,2417,1402,3561,777,31
Dolibarr,"",2017-03,8665,2547,1483,3787,848,31
Dolibarr,"",2017-04,9085,2666,1563,3943,913,31
playframework,"",2016-01,536,373,68,44,51,21
playframework,"",2016-02,1673,1052,266,230,125,33
playframework,"",2016-03,2703,1720,391,374,218,33
playframework,"",2016-04,3443,2189,486,495,273,36
playframework,"",2016-05,3838,2430,535,559,314,36
playframework,"",2016-06,4323,2735,613,629,346,36
playframework,"",2016-07,4740,3003,659,692,386,36
playframework,"",2016-08,5391,3409,760,792,430,36
playframework,"",2016-09,5978,3807,843,872,456,36
playframework,"",2016-10,6281,3994,882,920,485,36
playframework,"",2016-11,6569,4147,939,971,512,36
playframework,"",2016-12,6922,4363,992,1029,538,36
playframework,"",2017-01,7301,4601,1047,1085,568,36
playframework,"",2017-02,7693,4837,1109,1145,602,36
playframework,"",2017-03,8416,5293,1228,1241,654,36
playframework,"",2017-04,8843,5539,1297,1314,693,36
nim-lang,"",2016-01,613,384,43,91,95,21
nim-lang,"",2016-02,1016,618,81,140,177,21
nim-lang,"",2016-03,1441,873,133,203,232,22
nim-lang,"",2016-04,1853,1131,176,253,293,22
nim-lang,"",2016-05,2376,1425,235,345,371,34
nim-lang,"",2016-06,3207,1935,320,473,479,34
nim-lang,"",2016-07,3634,2146,377,569,542,34
nim-lang,"",2016-08,4097,2387,431,646,633,34
nim-lang,"",2016-09,4676,2692,505,767,712,34
nim-lang,"",2016-10,5134,2922,555,859,798,34
nim-lang,"",2016-11,5502,3096,603,948,855,34
nim-lang,"",2016-12,5826,3247,637,1032,910,34
nim-lang,"",2017-01,6428,3568,710,1169,981,34
nim-lang,"",2017-02,7051,3896,777,1305,1073,34
nim-lang,"",2017-03,7746,4258,868,1456,1164,39
nim-lang,"",2017-04,8243,4546,917,1536,1244,39
rackerlabs,"",2016-01,1006,52,388,552,14,19
rackerlabs,"",2016-02,1576,157,543,829,47,20
rackerlabs,"",2016-03,2124,371,660,1020,73,22
rackerlabs,"",2016-04,2509,494,776,1145,94,22
rackerlabs,"",2016-05,3186,698,941,1376,171,42
rackerlabs,"",2016-06,4208,985,1126,1876,221,42
rackerlabs,"",2016-07,4725,1232,1199,2014,280,42
rackerlabs,"",2016-08,5256,1442,1287,2216,311,42
rackerlabs,"",2016-09,5588,1569,1351,2330,338,42
rackerlabs,"",2016-10,5794,1666,1385,2383,360,42
rackerlabs,"",2016-11,6155,1824,1449,2482,400,42
rackerlabs,"",2016-12,6460,2017,1492,2532,419,42
rackerlabs,"",2017-01,6953,2338,1540,2622,453,42
rackerlabs,"",2017-02,7335,2567,1594,2686,488,42
rackerlabs,"",2017-03,7702,2812,1633,2751,506,42
rackerlabs,"",2017-04,7929,2934,1661,2807,527,42
magefree,"",2016-01,413,158,41,179,35,12
magefree,"",2016-02,745,285,81,312,67,15
magefree,"",2016-03,1417,534,177,545,161,19
magefree,"",2016-04,2015,779,268,716,252,19
magefree,"",2016-05,2218,846,293,796,283,19
magefree,"",2016-06,2441,918,323,878,322,19
magefree,"",2016-07,3025,1207,349,1077,392,19
magefree,"",2016-08,3301,1318,367,1161,455,19
magefree,"",2016-09,4014,1574,476,1426,538,23
magefree,"",2016-10,4491,1719,551,1622,599,23
magefree,"",2016-11,4827,1806,619,1767,635,23
magefree,"",2016-12,5175,1940,675,1893,667,23
magefree,"",2017-01,5526,2028,719,2073,706,23
magefree,"",2017-02,5817,2164,763,2150,740,23
magefree,"",2017-03,6409,2444,848,2321,796,23
magefree,"",2017-04,7269,2803,947,2583,936,23
Codeception,"",2016-01,441,285,32,79,45,16
Codeception,"",2016-02,916,554,81,177,104,19
Codeception,"",2016-03,1346,811,125,250,160,19
Codeception,"",2016-04,1828,1096,181,324,227,22
Codeception,"",2016-05,2296,1412,217,387,280,24
Codeception,"",2016-06,2978,1849,286,479,364,24
Codeception,"",2016-07,3374,2084,330,546,414,24
Codeception,"",2016-08,3735,2329,367,579,460,24
Codeception,"",2016-09,4173,2633,412,621,507,24
Codeception,"",2016-10,4597,2912,460,673,552,26
Codeception,"",2016-11,5225,3357,529,725,614,26
Codeception,"",2016-12,5785,3669,591,837,688,32
Codeception,"",2017-01,6158,3897,628,892,741,32
Codeception,"",2017-02,6614,4201,673,940,800,32
Codeception,"",2017-03,6887,4387,698,975,827,32
Codeception,"",2017-04,7257,4629,742,1015,871,32
fpco,"",2016-01,750,415,66,213,56,51
fpco,"",2016-02,1098,583,93,335,87,51
fpco,"",2016-03,1466,767,139,443,117,51
fpco,"",2016-04,1792,923,180,543,146,51
fpco,"",2016-05,2318,1162,280,692,184,51
fpco,"",2016-06,2849,1377,385,875,212,66
fpco,"",2016-07,3285,1556,458,1044,227,66
fpco,"",2016-08,3714,1753,517,1195,249,66
fpco,"",2016-09,4092,1912,596,1309,275,66
fpco,"",2016-10,4488,2080,658,1451,299,66
fpco,"",2016-11,4800,2209,706,1570,315,66
fpco,"",2016-12,5216,2411,754,1711,340,66
fpco,"",2017-01,5665,2632,795,1862,376,66
fpco,"",2017-02,6102,2834,856,2008,404,66
fpco,"",2017-03,6453,2976,920,2134,423,66
fpco,"",2017-04,6816,3152,965,2248,451,66
Leaflet,"",2016-01,379,275,26,39,39,19
Leaflet,"",2016-02,916,629,75,109,103,19
Leaflet,"",2016-03,1278,868,109,158,143,19
Leaflet,"",2016-04,2077,1346,209,312,210,21
Leaflet,"",2016-05,2550,1666,249,373,262,25
Leaflet,"",2016-06,3016,1978,294,437,307,25
Leaflet,"",2016-07,3419,2213,334,518,354,25
Leaflet,"",2016-08,3919,2551,368,584,416,25
Leaflet,"",2016-09,4398,2862,419,640,477,25
Leaflet,"",2016-10,4803,3124,451,706,522,25
Leaflet,"",2016-11,5193,3372,484,762,575,25
Leaflet,"",2016-12,5478,3555,511,792,620,25
Leaflet,"",2017-01,5811,3768,541,842,660,25
Leaflet,"",2017-02,6144,3981,571,892,700,25
Leaflet,"",2017-03,6469,4210,592,918,749,25
Leaflet,"",2017-04,6730,4381,618,948,783,25
pantsbuild,"",2016-01,461,263,88,82,28,19
pantsbuild,"",2016-02,835,410,185,183,57,21
pantsbuild,"",2016-03,1260,587,285,282,106,21
pantsbuild,"",2016-04,1909,919,423,409,158,21
pantsbuild,"",2016-05,2615,1255,552,547,261,25
pantsbuild,"",2016-06,2884,1369,611,613,291,25
pantsbuild,"",2016-07,3262,1551,687,682,342,25
pantsbuild,"",2016-08,3493,1646,743,729,375,25
pantsbuild,"",2016-09,3727,1728,807,788,404,25
pantsbuild,"",2016-10,4045,1886,864,852,443,25
pantsbuild,"",2016-11,4362,2039,929,923,471,25
pantsbuild,"",2016-12,4540,2122,968,965,485,25
pantsbuild,"",2017-01,4800,2278,1010,997,515,25
pantsbuild,"",2017-02,5019,2377,1055,1049,538,25
pantsbuild,"",2017-03,5346,2506,1128,1135,577,25
pantsbuild,"",2017-04,5832,2805,1187,1198,642,25
