project,url,label,activity,comments,prs,commits,issues,authors,sum_activity,sum_comments,sum_prs,sum_commits,sum_issues,sum_authors
Linux kernel,kernel.org,2015-04,79169,64197,16049,14972,16049,1698,713738,577864,144462,135874,144462,2235
Linux kernel,kernel.org,2015-07,78638,63869,15967,14769,15967,1698,713738,577864,144462,135874,144462,2235
Linux kernel,kernel.org,2015-10,78075,63724,15931,14351,15931,1705,713738,577864,144462,135874,144462,2235
Linux kernel,kernel.org,2016-01,80232,64950,16237,15282,16237,1705,713738,577864,144462,135874,144462,2235
Linux kernel,kernel.org,2016-04,81153,65233,16308,15920,16308,1771,713738,577864,144462,135874,144462,2235
Linux kernel,kernel.org,2016-07,83432,68359,17089,15073,17089,1771,713738,577864,144462,135874,144462,2235
Linux kernel,kernel.org,2016-10,77914,62079,15519,15835,15519,1771,713738,577864,144462,135874,144462,2235
Linux kernel,kernel.org,2017-01,70940,57302,14325,13638,14325,1771,713738,577864,144462,135874,144462,2235
Linux kernel,kernel.org,2017-04,84185,68151,17037,16034,17037,1870,713738,577864,144462,135874,144462,2235
Kubernetes,kubernetes.io,2015-04,14086,10537,1508,1144,897,172,294032,228573,30219,16008,19232,1081
Kubernetes,kubernetes.io,2015-07,22491,17151,2223,1752,1365,207,294032,228573,30219,16008,19232,1081
Kubernetes,kubernetes.io,2015-10,23580,18585,2455,1172,1368,287,294032,228573,30219,16008,19232,1081
Kubernetes,kubernetes.io,2016-01,22191,17326,2529,873,1463,287,294032,228573,30219,16008,19232,1081
Kubernetes,kubernetes.io,2016-04,31393,24373,2999,1658,2363,287,294032,228573,30219,16008,19232,1081
Kubernetes,kubernetes.io,2016-07,33566,26467,3224,1472,2403,395,294032,228573,30219,16008,19232,1081
Kubernetes,kubernetes.io,2016-10,37481,29265,3954,1484,2778,396,294032,228573,30219,16008,19232,1081
Kubernetes,kubernetes.io,2017-01,50697,39455,5279,2788,3175,617,294032,228573,30219,16008,19232,1081
Kubernetes,kubernetes.io,2017-04,58547,45414,6048,3665,3420,806,294032,228573,30219,16008,19232,1081
dotnet,microsoft.com/net,2015-04,6987,5310,667,479,531,109,224727,162564,21881,22506,17776,737
dotnet,microsoft.com/net,2015-07,8561,6535,744,576,706,118,224727,162564,21881,22506,17776,737
dotnet,microsoft.com/net,2015-10,10656,7952,1117,689,898,135,224727,162564,21881,22506,17776,737
dotnet,microsoft.com/net,2016-01,18734,13199,1940,1610,1985,250,224727,162564,21881,22506,17776,737
dotnet,microsoft.com/net,2016-04,34052,24443,3174,3710,2725,294,224727,162564,21881,22506,17776,737
dotnet,microsoft.com/net,2016-07,40059,29140,3623,4190,3106,506,224727,162564,21881,22506,17776,737
dotnet,microsoft.com/net,2016-10,24277,17520,2386,2333,2038,506,224727,162564,21881,22506,17776,737
dotnet,microsoft.com/net,2017-01,33787,24498,3450,3323,2516,506,224727,162564,21881,22506,17776,737
dotnet,microsoft.com/net,2017-04,47614,33967,4780,5596,3271,604,224727,162564,21881,22506,17776,737
Homebrew,brew.sh,2015-04,11056,6961,2390,986,719,298,107076,66930,22044,11778,6324,697
Homebrew,brew.sh,2015-07,13024,8141,2706,1473,704,372,107076,66930,22044,11778,6324,697
Homebrew,brew.sh,2015-10,15003,9447,3096,1462,998,372,107076,66930,22044,11778,6324,697
Homebrew,brew.sh,2016-01,13081,8383,2692,1108,898,372,107076,66930,22044,11778,6324,697
Homebrew,brew.sh,2016-04,10727,6646,2477,1010,594,396,107076,66930,22044,11778,6324,697
Homebrew,brew.sh,2016-07,10091,6323,2122,1165,481,461,107076,66930,22044,11778,6324,697
Homebrew,brew.sh,2016-10,12127,8076,2069,1210,772,461,107076,66930,22044,11778,6324,697
Homebrew,brew.sh,2017-01,10415,6461,1998,1347,609,461,107076,66930,22044,11778,6324,697
Homebrew,brew.sh,2017-04,11552,6492,2494,2017,549,522,107076,66930,22044,11778,6324,697
Homebrew Cask,caskroom.github.io,2015-04,4158,1979,1220,693,266,283,48977,16874,18339,11524,2240,627
Homebrew Cask,caskroom.github.io,2015-07,3682,1321,1712,481,168,283,48977,16874,18339,11524,2240,627
Homebrew Cask,caskroom.github.io,2015-10,4367,1716,1701,797,153,283,48977,16874,18339,11524,2240,627
Homebrew Cask,caskroom.github.io,2016-01,5664,2480,1860,1097,227,331,48977,16874,18339,11524,2240,627
Homebrew Cask,caskroom.github.io,2016-04,6616,2961,2025,1329,301,331,48977,16874,18339,11524,2240,627
Homebrew Cask,caskroom.github.io,2016-07,4738,1484,1859,1183,212,393,48977,16874,18339,11524,2240,627
Homebrew Cask,caskroom.github.io,2016-10,6003,1722,2290,1762,229,438,48977,16874,18339,11524,2240,627
Homebrew Cask,caskroom.github.io,2017-01,6550,1502,2779,1794,475,438,48977,16874,18339,11524,2240,627
Homebrew Cask,caskroom.github.io,2017-04,7199,1709,2893,2388,209,438,48977,16874,18339,11524,2240,627
NixOS,nixos.org,2015-04,9394,5294,1206,2459,435,264,110405,64892,14418,26012,5083,610
NixOS,nixos.org,2015-07,8633,4615,1153,2481,384,264,110405,64892,14418,26012,5083,610
NixOS,nixos.org,2015-10,9345,4954,1230,2756,405,264,110405,64892,14418,26012,5083,610
NixOS,nixos.org,2016-01,10383,6208,1442,2201,532,323,110405,64892,14418,26012,5083,610
NixOS,nixos.org,2016-04,14186,8741,1696,3048,701,345,110405,64892,14418,26012,5083,610
NixOS,nixos.org,2016-07,13275,8080,1723,2808,664,523,110405,64892,14418,26012,5083,610
NixOS,nixos.org,2016-10,15652,9801,1907,3328,616,523,110405,64892,14418,26012,5083,610
NixOS,nixos.org,2017-01,13298,7883,1820,2965,630,523,110405,64892,14418,26012,5083,610
NixOS,nixos.org,2017-04,16239,9316,2241,3966,716,523,110405,64892,14418,26012,5083,610
React,facebook.com,2015-04,16584,11414,1549,1769,1852,354,239408,177606,20403,17594,23805,577
React,facebook.com,2015-07,25618,18609,2220,2096,2693,446,239408,177606,20403,17594,23805,577
React,facebook.com,2015-10,28800,20747,2607,2260,3186,502,239408,177606,20403,17594,23805,577
React,facebook.com,2016-01,31315,23587,2273,2217,3238,502,239408,177606,20403,17594,23805,577
React,facebook.com,2016-04,25259,19549,2111,1520,2079,502,239408,177606,20403,17594,23805,577
React,facebook.com,2016-07,21735,16717,1907,1286,1825,502,239408,177606,20403,17594,23805,577
React,facebook.com,2016-10,27542,20649,2229,2151,2513,502,239408,177606,20403,17594,23805,577
React,facebook.com,2017-01,29699,22068,2720,1992,2919,502,239408,177606,20403,17594,23805,577
React,facebook.com,2017-04,32856,24266,2787,2303,3500,502,239408,177606,20403,17594,23805,577
Docker,mobyproject.org,2015-04,17056,13871,1285,783,1117,231,200910,155592,16407,11907,17004,564
Docker,mobyproject.org,2015-07,24170,19170,1995,1316,1689,311,200910,155592,16407,11907,17004,564
Docker,mobyproject.org,2015-10,22796,18370,1723,982,1721,311,200910,155592,16407,11907,17004,564
Docker,mobyproject.org,2016-01,21496,16865,1695,1198,1738,311,200910,155592,16407,11907,17004,564
Docker,mobyproject.org,2016-04,27661,21171,2217,2033,2240,311,200910,155592,16407,11907,17004,564
Docker,mobyproject.org,2016-07,21749,16704,1782,1215,2048,314,200910,155592,16407,11907,17004,564
Docker,mobyproject.org,2016-10,23273,18519,1624,1036,2094,314,200910,155592,16407,11907,17004,564
Docker,mobyproject.org,2017-01,21198,15678,2037,1556,1927,369,200910,155592,16407,11907,17004,564
Docker,mobyproject.org,2017-04,21511,15244,2049,1788,2430,434,200910,155592,16407,11907,17004,564
Azure,azure.github.io,2015-04,1278,647,261,223,147,68,81576,45185,13548,15502,7341,535
Azure,azure.github.io,2015-07,1860,1158,240,216,246,74,81576,45185,13548,15502,7341,535
Azure,azure.github.io,2015-10,6844,3241,1674,1456,473,454,81576,45185,13548,15502,7341,535
Azure,azure.github.io,2016-01,7127,3221,1535,1852,519,505,81576,45185,13548,15502,7341,535
Azure,azure.github.io,2016-04,12683,6405,2322,3054,902,665,81576,45185,13548,15502,7341,535
Azure,azure.github.io,2016-07,12985,7033,1931,2812,1209,665,81576,45185,13548,15502,7341,535
Azure,azure.github.io,2016-10,13380,7880,1913,2326,1261,665,81576,45185,13548,15502,7341,535
Azure,azure.github.io,2017-01,11713,7253,1674,1628,1158,665,81576,45185,13548,15502,7341,535
Azure,azure.github.io,2017-04,13706,8347,1998,1935,1426,665,81576,45185,13548,15502,7341,535
VS Code,code.visualstudio.com,2015-04,8519,6236,664,631,988,73,240307,165635,13889,26255,34528,509
VS Code,code.visualstudio.com,2015-07,11317,8215,1047,977,1078,73,240307,165635,13889,26255,34528,509
VS Code,code.visualstudio.com,2015-10,11353,7786,1079,1315,1173,116,240307,165635,13889,26255,34528,509
VS Code,code.visualstudio.com,2016-01,21443,15310,1361,1985,2787,154,240307,165635,13889,26255,34528,509
VS Code,code.visualstudio.com,2016-04,29876,20677,1530,3314,4355,211,240307,165635,13889,26255,34528,509
VS Code,code.visualstudio.com,2016-07,31177,21292,1645,3685,4555,320,240307,165635,13889,26255,34528,509
VS Code,code.visualstudio.com,2016-10,37330,25231,1952,4554,5593,320,240307,165635,13889,26255,34528,509
VS Code,code.visualstudio.com,2017-01,39869,26957,2159,4553,6200,372,240307,165635,13889,26255,34528,509
VS Code,code.visualstudio.com,2017-04,49423,33931,2452,5241,7799,372,240307,165635,13889,26255,34528,509
Mozilla,mozilla.org,2015-04,11086,7443,903,1206,1534,96,106047,61949,9083,22201,12814,488
Mozilla,mozilla.org,2015-07,5214,3737,358,537,582,96,106047,61949,9083,22201,12814,488
Mozilla,mozilla.org,2015-10,10331,6814,780,1160,1577,96,106047,61949,9083,22201,12814,488
Mozilla,mozilla.org,2016-01,9558,5991,881,1772,914,167,106047,61949,9083,22201,12814,488
Mozilla,mozilla.org,2016-04,7667,4623,714,1364,966,171,106047,61949,9083,22201,12814,488
Mozilla,mozilla.org,2016-07,19070,10445,1830,4395,2400,392,106047,61949,9083,22201,12814,488
Mozilla,mozilla.org,2016-10,14855,8383,1328,3440,1704,392,106047,61949,9083,22201,12814,488
Mozilla,mozilla.org,2017-01,10886,5401,949,3309,1227,392,106047,61949,9083,22201,12814,488
Mozilla,mozilla.org,2017-04,17380,9112,1340,5018,1910,408,106047,61949,9083,22201,12814,488
Ansible,ansible.com,2015-04,4343,2816,543,436,548,100,101427,68266,12359,10644,10158,455
Ansible,ansible.com,2015-07,7284,4814,953,671,846,141,101427,68266,12359,10644,10158,455
Ansible,ansible.com,2015-10,9556,6574,1060,883,1039,163,101427,68266,12359,10644,10158,455
Ansible,ansible.com,2016-01,9699,6719,1047,891,1042,163,101427,68266,12359,10644,10158,455
Ansible,ansible.com,2016-04,12426,8640,1236,1067,1483,232,101427,68266,12359,10644,10158,455
Ansible,ansible.com,2016-07,13052,9004,1468,1352,1228,385,101427,68266,12359,10644,10158,455
Ansible,ansible.com,2016-10,14153,9255,1743,1858,1297,391,101427,68266,12359,10644,10158,455
Ansible,ansible.com,2017-01,14532,9528,1931,1706,1367,391,101427,68266,12359,10644,10158,455
Ansible,ansible.com,2017-04,16382,10916,2378,1780,1308,391,101427,68266,12359,10644,10158,455
Angular,angular.io,2015-04,21350,14669,1337,2537,2807,328,267483,187181,19038,26662,34602,428
Angular,angular.io,2015-07,25236,16975,1746,2922,3593,328,267483,187181,19038,26662,34602,428
Angular,angular.io,2015-10,26258,17515,1777,3525,3441,336,267483,187181,19038,26662,34602,428
Angular,angular.io,2016-01,27532,18515,2009,3418,3590,336,267483,187181,19038,26662,34602,428
Angular,angular.io,2016-04,35560,25367,2285,3700,4208,547,267483,187181,19038,26662,34602,428
Angular,angular.io,2016-07,34994,24329,2686,3512,4467,662,267483,187181,19038,26662,34602,428
Angular,angular.io,2016-10,31961,23079,2291,2339,4252,662,267483,187181,19038,26662,34602,428
Angular,angular.io,2017-01,29783,21657,2221,2124,3781,662,267483,187181,19038,26662,34602,428
Angular,angular.io,2017-04,34809,25075,2686,2585,4463,662,267483,187181,19038,26662,34602,428
Terraform,terraform.io,2015-04,2847,1890,280,366,311,55,64908,42136,5748,10249,6775,365
Terraform,terraform.io,2015-07,5958,3910,574,811,663,111,64908,42136,5748,10249,6775,365
Terraform,terraform.io,2015-10,3966,2775,316,363,512,111,64908,42136,5748,10249,6775,365
Terraform,terraform.io,2016-01,6778,4684,530,959,605,142,64908,42136,5748,10249,6775,365
Terraform,terraform.io,2016-04,8645,5796,641,1295,913,177,64908,42136,5748,10249,6775,365
Terraform,terraform.io,2016-07,8975,6073,753,1384,765,203,64908,42136,5748,10249,6775,365
Terraform,terraform.io,2016-10,8939,5692,804,1535,908,213,64908,42136,5748,10249,6775,365
Terraform,terraform.io,2017-01,8402,5357,746,1322,977,213,64908,42136,5748,10249,6775,365
Terraform,terraform.io,2017-04,10398,5959,1104,2214,1121,275,64908,42136,5748,10249,6775,365
Elasticsearch,elastic.co/products/elasticsearch,2015-04,11589,7352,860,1941,1436,129,170157,110284,16659,26597,16617,313
Elasticsearch,elastic.co/products/elasticsearch,2015-07,14128,9061,1224,2304,1539,129,170157,110284,16659,26597,16617,313
Elasticsearch,elastic.co/products/elasticsearch,2015-10,17362,11707,1458,2509,1688,151,170157,110284,16659,26597,16617,313
Elasticsearch,elastic.co/products/elasticsearch,2016-01,20948,13654,1946,3367,1981,200,170157,110284,16659,26597,16617,313
Elasticsearch,elastic.co/products/elasticsearch,2016-04,23677,16018,2242,3212,2205,222,170157,110284,16659,26597,16617,313
Elasticsearch,elastic.co/products/elasticsearch,2016-07,22453,15328,2341,2835,1949,267,170157,110284,16659,26597,16617,313
Elasticsearch,elastic.co/products/elasticsearch,2016-10,19524,12803,2104,2868,1749,267,170157,110284,16659,26597,16617,313
Elasticsearch,elastic.co/products/elasticsearch,2017-01,21023,12305,2316,4222,2180,267,170157,110284,16659,26597,16617,313
Elasticsearch,elastic.co/products/elasticsearch,2017-04,19453,12056,2168,3339,1890,267,170157,110284,16659,26597,16617,313
SaltStack,repo.saltstack.com,2015-04,10167,6692,1430,1056,989,223,70880,50065,9767,2805,8243,306
SaltStack,repo.saltstack.com,2015-07,9552,6237,1518,693,1104,223,70880,50065,9767,2805,8243,306
SaltStack,repo.saltstack.com,2015-10,8410,5796,1109,477,1028,223,70880,50065,9767,2805,8243,306
SaltStack,repo.saltstack.com,2016-01,7853,5484,1096,180,1093,223,70880,50065,9767,2805,8243,306
SaltStack,repo.saltstack.com,2016-04,7396,5281,1093,161,861,223,70880,50065,9767,2805,8243,306
SaltStack,repo.saltstack.com,2016-07,7078,5226,924,64,864,223,70880,50065,9767,2805,8243,306
SaltStack,repo.saltstack.com,2016-10,7060,5240,944,65,811,223,70880,50065,9767,2805,8243,306
SaltStack,repo.saltstack.com,2017-01,6155,4672,732,50,701,223,70880,50065,9767,2805,8243,306
SaltStack,repo.saltstack.com,2017-04,7209,5437,921,59,792,223,70880,50065,9767,2805,8243,306
Symfony,symfony.com,2015-04,5620,3917,786,537,380,108,49018,36597,5789,3101,3531,290
Symfony,symfony.com,2015-07,6725,4908,794,567,456,146,49018,36597,5789,3101,3531,290
Symfony,symfony.com,2015-10,4118,3160,418,202,338,146,49018,36597,5789,3101,3531,290
Symfony,symfony.com,2016-01,6358,4429,859,538,532,146,49018,36597,5789,3101,3531,290
Symfony,symfony.com,2016-04,6048,4784,662,205,397,146,49018,36597,5789,3101,3531,290
Symfony,symfony.com,2016-07,4184,3221,448,177,338,146,49018,36597,5789,3101,3531,290
Symfony,symfony.com,2016-10,5697,4252,691,377,377,146,49018,36597,5789,3101,3531,290
Symfony,symfony.com,2017-01,4953,3912,535,176,330,146,49018,36597,5789,3101,3531,290
Symfony,symfony.com,2017-04,5315,4014,596,322,383,146,49018,36597,5789,3101,3531,290
Ruby on Rails,rubyonrails.org,2015-04,7625,5380,926,848,471,186,55278,38323,7281,5999,3675,280
Ruby on Rails,rubyonrails.org,2015-07,5808,4007,839,587,375,186,55278,38323,7281,5999,3675,280
Ruby on Rails,rubyonrails.org,2015-10,5753,3851,819,734,349,186,55278,38323,7281,5999,3675,280
Ruby on Rails,rubyonrails.org,2016-01,5643,3881,728,687,347,220,55278,38323,7281,5999,3675,280
Ruby on Rails,rubyonrails.org,2016-04,7984,5657,1045,729,553,220,55278,38323,7281,5999,3675,280
Ruby on Rails,rubyonrails.org,2016-07,6611,4697,895,618,401,220,55278,38323,7281,5999,3675,280
Ruby on Rails,rubyonrails.org,2016-10,5162,3567,688,510,397,220,55278,38323,7281,5999,3675,280
Ruby on Rails,rubyonrails.org,2017-01,4488,3072,550,555,311,220,55278,38323,7281,5999,3675,280
Ruby on Rails,rubyonrails.org,2017-04,6204,4211,791,731,471,220,55278,38323,7281,5999,3675,280
ASP.net,asp.net,2015-04,8806,4510,696,2786,814,90,107876,64694,7829,24227,11126,275
ASP.net,asp.net,2015-07,9882,5430,727,2560,1165,122,107876,64694,7829,24227,11126,275
ASP.net,asp.net,2015-10,13692,7948,941,3402,1401,152,107876,64694,7829,24227,11126,275
ASP.net,asp.net,2016-01,17152,10603,1203,3625,1721,220,107876,64694,7829,24227,11126,275
ASP.net,asp.net,2016-04,11707,7471,715,2295,1226,220,107876,64694,7829,24227,11126,275
ASP.net,asp.net,2016-07,14505,9291,974,2758,1482,247,107876,64694,7829,24227,11126,275
ASP.net,asp.net,2016-10,9398,6133,624,1596,1045,247,107876,64694,7829,24227,11126,275
ASP.net,asp.net,2017-01,9242,5958,678,1624,982,247,107876,64694,7829,24227,11126,275
ASP.net,asp.net,2017-04,13492,7350,1271,3581,1290,247,107876,64694,7829,24227,11126,275
ManageIQ,manageiq.org,2015-04,5970,3871,1015,861,223,51,86672,57660,13963,13047,2002,223
ManageIQ,manageiq.org,2015-07,5222,3581,789,738,114,58,86672,57660,13963,13047,2002,223
ManageIQ,manageiq.org,2015-10,7164,4762,1175,1007,220,62,86672,57660,13963,13047,2002,223
ManageIQ,manageiq.org,2016-01,7535,4917,1313,1154,151,71,86672,57660,13963,13047,2002,223
ManageIQ,manageiq.org,2016-04,9374,6171,1681,1260,262,88,86672,57660,13963,13047,2002,223
ManageIQ,manageiq.org,2016-07,12683,8427,1942,1975,339,179,86672,57660,13963,13047,2002,223
ManageIQ,manageiq.org,2016-10,13978,9637,1989,2029,323,179,86672,57660,13963,13047,2002,223
ManageIQ,manageiq.org,2017-01,11563,7558,1795,2033,177,179,86672,57660,13963,13047,2002,223
ManageIQ,manageiq.org,2017-04,13183,8736,2264,1990,193,193,86672,57660,13963,13047,2002,223
Magento,magento.com/home,2015-04,1994,1626,76,61,231,36,49824,39143,1502,1773,7406,221
Magento,magento.com/home,2015-07,1612,1276,51,41,244,36,49824,39143,1502,1773,7406,221
Magento,magento.com/home,2015-10,2925,2173,135,127,490,78,49824,39143,1502,1773,7406,221
Magento,magento.com/home,2016-01,4453,3332,153,161,807,78,49824,39143,1502,1773,7406,221
Magento,magento.com/home,2016-04,5563,4210,149,162,1042,85,49824,39143,1502,1773,7406,221
Magento,magento.com/home,2016-07,9750,7241,299,832,1378,172,49824,39143,1502,1773,7406,221
Magento,magento.com/home,2016-10,9627,7984,197,114,1332,172,49824,39143,1502,1773,7406,221
Magento,magento.com/home,2017-01,7065,5731,180,110,1044,172,49824,39143,1502,1773,7406,221
Magento,magento.com/home,2017-04,6835,5570,262,165,838,172,49824,39143,1502,1773,7406,221
Ionic,ionicframework.com,2015-04,4336,3121,167,375,673,77,56616,36628,2027,8994,8967,203
Ionic,ionicframework.com,2015-07,3869,2879,141,236,613,77,56616,36628,2027,8994,8967,203
Ionic,ionicframework.com,2015-10,3493,2729,145,116,503,77,56616,36628,2027,8994,8967,203
Ionic,ionicframework.com,2016-01,2757,2082,57,209,409,77,56616,36628,2027,8994,8967,203
Ionic,ionicframework.com,2016-04,7549,3795,200,2389,1165,127,56616,36628,2027,8994,8967,203
Ionic,ionicframework.com,2016-07,7953,4319,273,2166,1195,189,56616,36628,2027,8994,8967,203
Ionic,ionicframework.com,2016-10,7988,4734,373,1584,1297,189,56616,36628,2027,8994,8967,203
Ionic,ionicframework.com,2017-01,11700,8350,395,1079,1876,189,56616,36628,2027,8994,8967,203
Ionic,ionicframework.com,2017-04,6971,4619,276,840,1236,189,56616,36628,2027,8994,8967,203
Odoo,odoo.com,2015-04,5989,3089,987,1296,617,175,48370,24830,7775,11529,4236,182
Odoo,odoo.com,2015-07,5516,3148,832,994,542,181,48370,24830,7775,11529,4236,182
Odoo,odoo.com,2015-10,6504,3073,1027,1917,487,184,48370,24830,7775,11529,4236,182
Odoo,odoo.com,2016-01,5944,3199,892,1244,609,184,48370,24830,7775,11529,4236,182
Odoo,odoo.com,2016-04,4905,2247,895,1290,473,184,48370,24830,7775,11529,4236,182
Odoo,odoo.com,2016-07,5053,2671,795,1255,332,184,48370,24830,7775,11529,4236,182
Odoo,odoo.com,2016-10,4553,2221,706,1302,324,184,48370,24830,7775,11529,4236,182
Odoo,odoo.com,2017-01,5396,3013,795,1117,471,184,48370,24830,7775,11529,4236,182
Odoo,odoo.com,2017-04,4510,2169,846,1114,381,184,48370,24830,7775,11529,4236,182
CoreOS,coreos.com,2015-04,3450,2121,443,581,305,40,46679,33129,5276,4388,3886,159
CoreOS,coreos.com,2015-07,3253,2182,362,384,325,40,46679,33129,5276,4388,3886,159
CoreOS,coreos.com,2015-10,3989,2860,476,286,367,54,46679,33129,5276,4388,3886,159
CoreOS,coreos.com,2016-01,4438,3200,540,312,386,68,46679,33129,5276,4388,3886,159
CoreOS,coreos.com,2016-04,6566,4769,757,600,440,68,46679,33129,5276,4388,3886,159
CoreOS,coreos.com,2016-07,8218,5970,937,704,607,142,46679,33129,5276,4388,3886,159
CoreOS,coreos.com,2016-10,6489,4776,655,528,530,142,46679,33129,5276,4388,3886,159
CoreOS,coreos.com,2017-01,5394,3749,637,551,457,142,46679,33129,5276,4388,3886,159
CoreOS,coreos.com,2017-04,4882,3502,469,442,469,142,46679,33129,5276,4388,3886,159
OpenWrt,openwrt.org,2015-04,1894,1037,302,452,103,100,18488,10754,3093,3610,1031,151
OpenWrt,openwrt.org,2015-07,1938,1007,292,498,141,100,18488,10754,3093,3610,1031,151
OpenWrt,openwrt.org,2015-10,1447,747,237,368,95,100,18488,10754,3093,3610,1031,151
OpenWrt,openwrt.org,2016-01,1631,841,331,376,83,100,18488,10754,3093,3610,1031,151
OpenWrt,openwrt.org,2016-04,1551,870,279,314,88,100,18488,10754,3093,3610,1031,151
OpenWrt,openwrt.org,2016-07,1655,1002,284,292,77,115,18488,10754,3093,3610,1031,151
OpenWrt,openwrt.org,2016-10,1718,1051,303,305,59,115,18488,10754,3093,3610,1031,151
OpenWrt,openwrt.org,2017-01,2586,1539,492,396,159,129,18488,10754,3093,3610,1031,151
OpenWrt,openwrt.org,2017-04,4068,2660,573,609,226,154,18488,10754,3093,3610,1031,151
SS13,tgstation13.org,2015-04,15794,12979,1087,843,885,80,133024,108750,11188,6659,6427,134
SS13,tgstation13.org,2015-07,11750,9480,822,682,766,80,133024,108750,11188,6659,6427,134
SS13,tgstation13.org,2015-10,13625,11060,936,855,774,91,133024,108750,11188,6659,6427,134
SS13,tgstation13.org,2016-01,16628,13739,1100,1110,679,96,133024,108750,11188,6659,6427,134
SS13,tgstation13.org,2016-04,15653,12459,1314,1093,787,99,133024,108750,11188,6659,6427,134
SS13,tgstation13.org,2016-07,17035,13995,1564,767,709,133,133024,108750,11188,6659,6427,134
SS13,tgstation13.org,2016-10,10121,8316,1050,311,444,133,133024,108750,11188,6659,6427,134
SS13,tgstation13.org,2017-01,11759,9738,1202,348,471,133,133024,108750,11188,6659,6427,134
SS13,tgstation13.org,2017-04,20659,16984,2113,650,912,133,133024,108750,11188,6659,6427,134
Mapbox,mapbox.com,2015-04,4984,2737,288,1406,553,59,68405,36737,5149,19125,7394,127
Mapbox,mapbox.com,2015-07,4845,2665,337,1276,567,59,68405,36737,5149,19125,7394,127
Mapbox,mapbox.com,2015-10,5700,3344,382,1389,585,59,68405,36737,5149,19125,7394,127
Mapbox,mapbox.com,2016-01,7582,4351,517,1962,752,65,68405,36737,5149,19125,7394,127
Mapbox,mapbox.com,2016-04,9078,5225,639,2167,1047,78,68405,36737,5149,19125,7394,127
Mapbox,mapbox.com,2016-07,10057,5345,785,2938,989,149,68405,36737,5149,19125,7394,127
Mapbox,mapbox.com,2016-10,8452,4444,611,2520,877,149,68405,36737,5149,19125,7394,127
Mapbox,mapbox.com,2017-01,7884,3849,691,2488,856,149,68405,36737,5149,19125,7394,127
Mapbox,mapbox.com,2017-04,9823,4777,899,2979,1168,149,68405,36737,5149,19125,7394,127
Akka,akka.io,2015-04,2127,1606,131,121,269,28,26127,19675,2233,1627,2592,127
Akka,akka.io,2015-07,3363,2676,211,214,262,28,26127,19675,2233,1627,2592,127
Akka,akka.io,2015-10,2310,1811,183,69,247,28,26127,19675,2233,1627,2592,127
Akka,akka.io,2016-01,3447,2613,252,295,287,34,26127,19675,2233,1627,2592,127
Akka,akka.io,2016-04,4429,3295,348,384,402,53,26127,19675,2233,1627,2592,127
Akka,akka.io,2016-07,2504,1953,261,78,212,53,26127,19675,2233,1627,2592,127
Akka,akka.io,2016-10,2407,1777,242,131,257,53,26127,19675,2233,1627,2592,127
Akka,akka.io,2017-01,2683,1950,272,143,318,53,26127,19675,2233,1627,2592,127
Akka,akka.io,2017-04,2857,1994,333,192,338,55,26127,19675,2233,1627,2592,127
Ember.js,emberjs.com,2015-04,4526,3239,431,357,499,88,33538,23045,3782,3489,3222,124
Ember.js,emberjs.com,2015-07,5977,4117,582,630,648,100,33538,23045,3782,3489,3222,124
Ember.js,emberjs.com,2015-10,6682,4588,822,648,624,175,33538,23045,3782,3489,3222,124
Ember.js,emberjs.com,2016-01,3958,2711,499,429,319,175,33538,23045,3782,3489,3222,124
Ember.js,emberjs.com,2016-04,3612,2536,398,367,311,175,33538,23045,3782,3489,3222,124
Ember.js,emberjs.com,2016-07,3369,2335,407,388,239,175,33538,23045,3782,3489,3222,124
Ember.js,emberjs.com,2016-10,2035,1326,240,242,227,175,33538,23045,3782,3489,3222,124
Ember.js,emberjs.com,2017-01,1505,997,159,178,171,175,33538,23045,3782,3489,3222,124
Ember.js,emberjs.com,2017-04,1874,1196,244,250,184,175,33538,23045,3782,3489,3222,124
HTTPS Everywhere,eff.org/https-everywhere,2015-04,1617,822,345,319,131,58,29848,14925,7575,5686,1662,117
HTTPS Everywhere,eff.org/https-everywhere,2015-07,2210,987,483,471,269,88,29848,14925,7575,5686,1662,117
HTTPS Everywhere,eff.org/https-everywhere,2015-10,3102,1389,755,712,246,99,29848,14925,7575,5686,1662,117
HTTPS Everywhere,eff.org/https-everywhere,2016-01,2256,1018,540,541,157,105,29848,14925,7575,5686,1662,117
HTTPS Everywhere,eff.org/https-everywhere,2016-04,2982,1615,647,501,219,105,29848,14925,7575,5686,1662,117
HTTPS Everywhere,eff.org/https-everywhere,2016-07,3105,1470,1126,386,123,105,29848,14925,7575,5686,1662,117
HTTPS Everywhere,eff.org/https-everywhere,2016-10,6875,3732,1637,1294,212,105,29848,14925,7575,5686,1662,117
HTTPS Everywhere,eff.org/https-everywhere,2017-01,3342,2147,689,341,165,105,29848,14925,7575,5686,1662,117
HTTPS Everywhere,eff.org/https-everywhere,2017-04,4359,1745,1353,1121,140,105,29848,14925,7575,5686,1662,117
Julia,julialang.org,2015-04,9556,7130,483,1321,622,105,80723,58976,5070,11523,5154,115
Julia,julialang.org,2015-07,12063,9778,542,1183,560,105,80723,58976,5070,11523,5154,115
Julia,julialang.org,2015-10,10792,7995,647,1524,626,117,80723,58976,5070,11523,5154,115
Julia,julialang.org,2016-01,7349,5451,468,896,534,117,80723,58976,5070,11523,5154,115
Julia,julialang.org,2016-04,7823,5796,498,957,572,117,80723,58976,5070,11523,5154,115
Julia,julialang.org,2016-07,8376,5888,673,1200,615,127,80723,58976,5070,11523,5154,115
Julia,julialang.org,2016-10,9052,6540,607,1278,627,127,80723,58976,5070,11523,5154,115
Julia,julialang.org,2017-01,6601,4478,482,1176,465,127,80723,58976,5070,11523,5154,115
Julia,julialang.org,2017-04,9111,5920,670,1988,533,127,80723,58976,5070,11523,5154,115
The Void distribution,voidlinux.eu,2015-04,3596,676,277,2470,173,45,35780,10127,3997,20277,1379,115
The Void distribution,voidlinux.eu,2015-07,5118,1478,542,2909,189,55,35780,10127,3997,20277,1379,115
The Void distribution,voidlinux.eu,2015-10,4603,1209,581,2670,143,55,35780,10127,3997,20277,1379,115
The Void distribution,voidlinux.eu,2016-01,3968,968,482,2361,157,65,35780,10127,3997,20277,1379,115
The Void distribution,voidlinux.eu,2016-04,4175,1288,566,2176,145,67,35780,10127,3997,20277,1379,115
The Void distribution,voidlinux.eu,2016-07,3587,1106,311,2005,165,97,35780,10127,3997,20277,1379,115
The Void distribution,voidlinux.eu,2016-10,3259,1078,331,1722,128,97,35780,10127,3997,20277,1379,115
The Void distribution,voidlinux.eu,2017-01,4029,1226,441,2223,139,97,35780,10127,3997,20277,1379,115
The Void distribution,voidlinux.eu,2017-04,3445,1098,466,1741,140,97,35780,10127,3997,20277,1379,115
Automattic Jetpack,jetpack.com,2015-04,2322,1020,211,858,233,67,32569,14768,3332,12210,2259,113
Automattic Jetpack,jetpack.com,2015-07,2889,1549,236,874,230,75,32569,14768,3332,12210,2259,113
Automattic Jetpack,jetpack.com,2015-10,2691,1296,296,910,189,75,32569,14768,3332,12210,2259,113
Automattic Jetpack,jetpack.com,2016-01,2454,1190,264,813,187,75,32569,14768,3332,12210,2259,113
Automattic Jetpack,jetpack.com,2016-04,2299,1013,270,859,157,75,32569,14768,3332,12210,2259,113
Automattic Jetpack,jetpack.com,2016-07,4436,1823,427,1927,259,81,32569,14768,3332,12210,2259,113
Automattic Jetpack,jetpack.com,2016-10,5038,1983,631,2074,350,81,32569,14768,3332,12210,2259,113
Automattic Jetpack,jetpack.com,2017-01,4881,1971,493,2107,310,85,32569,14768,3332,12210,2259,113
Automattic Jetpack,jetpack.com,2017-04,5559,2923,504,1788,344,98,32569,14768,3332,12210,2259,113
Chef,chef.io/chef,2015-04,2811,1851,229,479,252,52,30400,16213,2873,9097,2217,101
Chef,chef.io/chef,2015-07,4502,2580,375,1195,352,78,30400,16213,2873,9097,2217,101
Chef,chef.io/chef,2015-10,3331,2095,260,739,237,78,30400,16213,2873,9097,2217,101
Chef,chef.io/chef,2016-01,3559,1894,310,1088,267,105,30400,16213,2873,9097,2217,101
Chef,chef.io/chef,2016-04,4166,2103,447,1393,223,105,30400,16213,2873,9097,2217,101
Chef,chef.io/chef,2016-07,3595,1778,346,1228,243,105,30400,16213,2873,9097,2217,101
Chef,chef.io/chef,2016-10,3875,1720,410,1497,248,105,30400,16213,2873,9097,2217,101
Chef,chef.io/chef,2017-01,2343,1147,249,757,190,105,30400,16213,2873,9097,2217,101
Chef,chef.io/chef,2017-04,2218,1045,247,721,205,105,30400,16213,2873,9097,2217,101
GRPC,grpc.io,2015-04,1231,683,241,201,106,34,54003,34169,8002,6752,5080,96
GRPC,grpc.io,2015-07,5716,3313,979,887,537,62,54003,34169,8002,6752,5080,96
GRPC,grpc.io,2015-10,6949,3928,1221,1135,665,62,54003,34169,8002,6752,5080,96
GRPC,grpc.io,2016-01,4426,2576,682,603,565,62,54003,34169,8002,6752,5080,96
GRPC,grpc.io,2016-04,7641,4799,1131,938,773,73,54003,34169,8002,6752,5080,96
GRPC,grpc.io,2016-07,8461,5837,1071,873,680,134,54003,34169,8002,6752,5080,96
GRPC,grpc.io,2016-10,7363,5074,977,733,579,134,54003,34169,8002,6752,5080,96
GRPC,grpc.io,2017-01,5049,3265,703,565,516,134,54003,34169,8002,6752,5080,96
GRPC,grpc.io,2017-04,7167,4694,997,817,659,134,54003,34169,8002,6752,5080,96
matplotlib,"",2015-04,1777,1425,154,66,132,26,24382,18918,2133,1369,1962,95
matplotlib,"",2015-07,1409,1132,90,51,136,26,24382,18918,2133,1369,1962,95
matplotlib,"",2015-10,3125,2411,322,192,200,42,24382,18918,2133,1369,1962,95
matplotlib,"",2016-01,3519,2707,280,236,296,43,24382,18918,2133,1369,1962,95
matplotlib,"",2016-04,2333,1773,211,102,247,43,24382,18918,2133,1369,1962,95
matplotlib,"",2016-07,2377,1856,217,127,177,43,24382,18918,2133,1369,1962,95
matplotlib,"",2016-10,2828,2228,245,107,248,43,24382,18918,2133,1369,1962,95
matplotlib,"",2017-01,3043,2367,243,207,226,54,24382,18918,2133,1369,1962,95
matplotlib,"",2017-04,3971,3019,371,281,300,68,24382,18918,2133,1369,1962,95
Joomla,joomla.org,2015-04,6640,5069,469,675,427,87,66634,52053,4486,6781,3314,95
Joomla,joomla.org,2015-07,4778,3718,329,466,265,87,66634,52053,4486,6781,3314,95
Joomla,joomla.org,2015-10,4484,3370,363,503,248,87,66634,52053,4486,6781,3314,95
Joomla,joomla.org,2016-01,5435,4099,420,631,285,101,66634,52053,4486,6781,3314,95
Joomla,joomla.org,2016-04,8037,6582,406,664,385,101,66634,52053,4486,6781,3314,95
Joomla,joomla.org,2016-07,9022,6945,685,1039,353,139,66634,52053,4486,6781,3314,95
Joomla,joomla.org,2016-10,9809,7944,550,909,406,139,66634,52053,4486,6781,3314,95
Joomla,joomla.org,2017-01,8070,6375,597,729,369,139,66634,52053,4486,6781,3314,95
Joomla,joomla.org,2017-04,10359,7951,667,1165,576,139,66634,52053,4486,6781,3314,95
Ethereum,ethereum.org,2015-04,4475,1798,670,1461,546,51,54671,26236,4990,8037,15408,92
Ethereum,ethereum.org,2015-07,6320,3384,855,1235,846,57,54671,26236,4990,8037,15408,92
Ethereum,ethereum.org,2015-10,4972,2881,704,903,484,57,54671,26236,4990,8037,15408,92
Ethereum,ethereum.org,2016-01,1915,1139,277,282,217,57,54671,26236,4990,8037,15408,92
Ethereum,ethereum.org,2016-04,2435,1773,232,196,234,57,54671,26236,4990,8037,15408,92
Ethereum,ethereum.org,2016-07,5759,4244,395,429,691,94,54671,26236,4990,8037,15408,92
Ethereum,ethereum.org,2016-10,7121,4950,617,657,897,102,54671,26236,4990,8037,15408,92
Ethereum,ethereum.org,2017-01,6404,3421,699,1679,605,102,54671,26236,4990,8037,15408,92
Ethereum,ethereum.org,2017-04,15270,2646,541,1195,10888,102,54671,26236,4990,8037,15408,92
librenms,"",2015-04,595,335,89,108,63,11,16585,10503,2416,1351,2315,92
librenms,"",2015-07,1623,955,247,208,213,20,16585,10503,2416,1351,2315,92
librenms,"",2015-10,1964,1155,294,254,261,37,16585,10503,2416,1351,2315,92
librenms,"",2016-01,1858,1180,201,135,342,37,16585,10503,2416,1351,2315,92
librenms,"",2016-04,2180,1477,280,130,293,37,16585,10503,2416,1351,2315,92
librenms,"",2016-07,1393,929,178,79,207,37,16585,10503,2416,1351,2315,92
librenms,"",2016-10,2489,1525,468,184,312,37,16585,10503,2416,1351,2315,92
librenms,"",2017-01,1546,997,203,91,255,37,16585,10503,2416,1351,2315,92
librenms,"",2017-04,2937,1950,456,162,369,37,16585,10503,2416,1351,2315,92
TEAMMATES,teammatesv4.appspot.com,2015-04,2017,1304,229,369,115,37,20809,11804,2138,5242,1625,90
TEAMMATES,teammatesv4.appspot.com,2015-07,2495,1189,348,720,238,37,20809,11804,2138,5242,1625,90
TEAMMATES,teammatesv4.appspot.com,2015-10,2484,1133,246,876,229,37,20809,11804,2138,5242,1625,90
TEAMMATES,teammatesv4.appspot.com,2016-01,871,450,87,278,56,37,20809,11804,2138,5242,1625,90
TEAMMATES,teammatesv4.appspot.com,2016-04,3468,2219,301,739,209,57,20809,11804,2138,5242,1625,90
TEAMMATES,teammatesv4.appspot.com,2016-07,3237,1606,326,1044,261,57,20809,11804,2138,5242,1625,90
TEAMMATES,teammatesv4.appspot.com,2016-10,1903,1074,152,585,92,57,20809,11804,2138,5242,1625,90
TEAMMATES,teammatesv4.appspot.com,2017-01,927,550,108,192,77,57,20809,11804,2138,5242,1625,90
TEAMMATES,teammatesv4.appspot.com,2017-04,3407,2279,341,439,348,74,20809,11804,2138,5242,1625,90
Rapid7,rapid7.com,2015-04,4159,2900,414,682,163,84,25258,18344,2588,3067,1259,83
Rapid7,rapid7.com,2015-07,3901,2821,460,455,165,84,25258,18344,2588,3067,1259,83
Rapid7,rapid7.com,2015-10,2719,1990,292,302,135,84,25258,18344,2588,3067,1259,83
Rapid7,rapid7.com,2016-01,2515,1827,263,292,133,84,25258,18344,2588,3067,1259,83
Rapid7,rapid7.com,2016-04,2241,1645,232,250,114,84,25258,18344,2588,3067,1259,83
Rapid7,rapid7.com,2016-07,2044,1451,216,259,118,84,25258,18344,2588,3067,1259,83
Rapid7,rapid7.com,2016-10,2126,1520,219,264,123,84,25258,18344,2588,3067,1259,83
Rapid7,rapid7.com,2017-01,2637,1973,224,273,167,84,25258,18344,2588,3067,1259,83
Rapid7,rapid7.com,2017-04,2916,2217,268,290,141,84,25258,18344,2588,3067,1259,83
ReactiveX,reactivex.io,2015-04,1381,1007,122,124,128,20,33196,23384,3332,3715,2765,83
ReactiveX,reactivex.io,2015-07,1331,1016,118,99,98,20,33196,23384,3332,3715,2765,83
ReactiveX,reactivex.io,2015-10,3616,2403,468,450,295,35,33196,23384,3332,3715,2765,83
ReactiveX,reactivex.io,2016-01,6322,4357,738,836,391,82,33196,23384,3332,3715,2765,83
ReactiveX,reactivex.io,2016-04,5228,3954,455,428,391,111,33196,23384,3332,3715,2765,83
ReactiveX,reactivex.io,2016-07,4289,3105,381,455,348,111,33196,23384,3332,3715,2765,83
ReactiveX,reactivex.io,2016-10,4014,2690,406,533,385,111,33196,23384,3332,3715,2765,83
ReactiveX,reactivex.io,2017-01,3509,2403,315,433,358,111,33196,23384,3332,3715,2765,83
ReactiveX,reactivex.io,2017-04,3506,2449,329,357,371,111,33196,23384,3332,3715,2765,83
CakePHP,cakephp.org,2015-04,3415,2277,327,459,352,42,23896,16541,2236,2598,2521,82
CakePHP,cakephp.org,2015-07,3223,2250,267,338,368,42,23896,16541,2236,2598,2521,82
CakePHP,cakephp.org,2015-10,2647,1880,232,222,313,42,23896,16541,2236,2598,2521,82
CakePHP,cakephp.org,2016-01,2236,1604,181,216,235,42,23896,16541,2236,2598,2521,82
CakePHP,cakephp.org,2016-04,2937,2041,265,306,325,46,23896,16541,2236,2598,2521,82
CakePHP,cakephp.org,2016-07,3060,1934,373,461,292,89,23896,16541,2236,2598,2521,82
CakePHP,cakephp.org,2016-10,2272,1685,171,172,244,89,23896,16541,2236,2598,2521,82
CakePHP,cakephp.org,2017-01,1842,1300,174,193,175,89,23896,16541,2236,2598,2521,82
CakePHP,cakephp.org,2017-04,2264,1570,246,231,217,89,23896,16541,2236,2598,2521,82
Office Developer,dev.office.com,2015-04,1829,966,262,467,134,53,16126,6992,2563,4916,1655,80
Office Developer,dev.office.com,2015-07,1388,611,307,352,118,53,16126,6992,2563,4916,1655,80
Office Developer,dev.office.com,2015-10,1156,546,163,292,155,55,16126,6992,2563,4916,1655,80
Office Developer,dev.office.com,2016-01,654,222,138,233,61,55,16126,6992,2563,4916,1655,80
Office Developer,dev.office.com,2016-04,2491,1130,316,763,282,75,16126,6992,2563,4916,1655,80
Office Developer,dev.office.com,2016-07,2577,871,359,1132,215,110,16126,6992,2563,4916,1655,80
Office Developer,dev.office.com,2016-10,1786,703,380,575,128,110,16126,6992,2563,4916,1655,80
Office Developer,dev.office.com,2017-01,1837,686,300,625,226,110,16126,6992,2563,4916,1655,80
Office Developer,dev.office.com,2017-04,2408,1257,338,477,336,110,16126,6992,2563,4916,1655,80
numpy,"",2015-04,2422,1936,179,146,161,65,24528,19478,1864,1530,1656,79
numpy,"",2015-07,2568,2132,153,131,152,65,24528,19478,1864,1530,1656,79
numpy,"",2015-10,2255,1722,202,153,178,65,24528,19478,1864,1530,1656,79
numpy,"",2016-01,3341,2544,320,260,217,76,24528,19478,1864,1530,1656,79
numpy,"",2016-04,4548,3691,319,287,251,77,24528,19478,1864,1530,1656,79
numpy,"",2016-07,2158,1719,152,131,156,77,24528,19478,1864,1530,1656,79
numpy,"",2016-10,1783,1364,154,106,159,77,24528,19478,1864,1530,1656,79
numpy,"",2017-01,2145,1683,167,139,156,77,24528,19478,1864,1530,1656,79
numpy,"",2017-04,3308,2687,218,177,226,77,24528,19478,1864,1530,1656,79
fabric8,fabric8.io,2015-04,1354,583,199,457,115,22,18970,7886,2675,6411,1998,75
fabric8,fabric8.io,2015-07,2792,1114,386,1059,233,23,18970,7886,2675,6411,1998,75
fabric8,fabric8.io,2015-10,1630,466,264,757,143,23,18970,7886,2675,6411,1998,75
fabric8,fabric8.io,2016-01,2161,635,407,924,195,25,18970,7886,2675,6411,1998,75
fabric8,fabric8.io,2016-04,1298,597,140,390,171,25,18970,7886,2675,6411,1998,75
fabric8,fabric8.io,2016-07,649,228,103,250,68,28,18970,7886,2675,6411,1998,75
fabric8,fabric8.io,2016-10,2631,1106,301,1000,224,30,18970,7886,2675,6411,1998,75
fabric8,fabric8.io,2017-01,2082,948,253,682,199,46,18970,7886,2675,6411,1998,75
fabric8,fabric8.io,2017-04,4373,2209,622,892,650,81,18970,7886,2675,6411,1998,75
scipy,"",2015-04,2871,2367,197,159,148,59,21075,16728,1623,1382,1342,75
scipy,"",2015-07,2801,2296,185,169,151,59,21075,16728,1623,1382,1342,75
scipy,"",2015-10,1871,1458,169,109,135,59,21075,16728,1623,1382,1342,75
scipy,"",2016-01,2676,2104,203,209,160,71,21075,16728,1623,1382,1342,75
scipy,"",2016-04,2708,2138,225,191,154,71,21075,16728,1623,1382,1342,75
scipy,"",2016-07,2010,1540,166,144,160,71,21075,16728,1623,1382,1342,75
scipy,"",2016-10,1917,1502,147,111,157,71,21075,16728,1623,1382,1342,75
scipy,"",2017-01,2075,1680,155,128,112,71,21075,16728,1623,1382,1342,75
scipy,"",2017-04,2146,1643,176,162,165,71,21075,16728,1623,1382,1342,75
Sylius,"",2015-04,2000,1460,215,184,141,55,24579,15802,3713,3199,1865,73
Sylius,"",2015-07,1587,1089,199,170,129,55,24579,15802,3713,3199,1865,73
Sylius,"",2015-10,2098,1480,266,174,178,55,24579,15802,3713,3199,1865,73
Sylius,"",2016-01,2330,1679,285,226,140,60,24579,15802,3713,3199,1865,73
Sylius,"",2016-04,4197,2841,541,483,332,63,24579,15802,3713,3199,1865,73
Sylius,"",2016-07,2974,1825,472,429,248,74,24579,15802,3713,3199,1865,73
Sylius,"",2016-10,3158,1831,549,482,296,74,24579,15802,3713,3199,1865,73
Sylius,"",2017-01,3541,2036,678,607,220,74,24579,15802,3713,3199,1865,73
Sylius,"",2017-04,2694,1561,508,444,181,74,24579,15802,3713,3199,1865,73
TrinityCore,trinitycore.org,2015-04,5113,3594,173,887,459,54,44713,31445,1584,7660,4024,72
TrinityCore,trinitycore.org,2015-07,5083,3668,135,867,413,54,44713,31445,1584,7660,4024,72
TrinityCore,trinitycore.org,2015-10,5135,3677,177,757,524,71,44713,31445,1584,7660,4024,72
TrinityCore,trinitycore.org,2016-01,3846,2660,129,669,388,71,44713,31445,1584,7660,4024,72
TrinityCore,trinitycore.org,2016-04,5751,4185,231,788,547,71,44713,31445,1584,7660,4024,72
TrinityCore,trinitycore.org,2016-07,5704,4116,175,943,470,93,44713,31445,1584,7660,4024,72
TrinityCore,trinitycore.org,2016-10,4527,2895,214,1056,362,93,44713,31445,1584,7660,4024,72
TrinityCore,trinitycore.org,2017-01,4798,3314,154,844,486,93,44713,31445,1584,7660,4024,72
TrinityCore,trinitycore.org,2017-04,4756,3336,196,849,375,93,44713,31445,1584,7660,4024,72
minetest,"",2015-04,4224,3281,275,372,296,37,28183,23266,1556,1539,1822,72
minetest,"",2015-07,2247,1767,105,221,154,38,28183,23266,1556,1539,1822,72
minetest,"",2015-10,2543,1990,157,190,206,41,28183,23266,1556,1539,1822,72
minetest,"",2016-01,2334,1901,137,159,137,41,28183,23266,1556,1539,1822,72
minetest,"",2016-04,3836,3301,208,109,218,41,28183,23266,1556,1539,1822,72
minetest,"",2016-07,3262,2848,126,108,180,46,28183,23266,1556,1539,1822,72
minetest,"",2016-10,2167,1794,122,68,183,46,28183,23266,1556,1539,1822,72
minetest,"",2017-01,3551,3034,185,125,207,46,28183,23266,1556,1539,1822,72
minetest,"",2017-04,4019,3350,241,187,241,46,28183,23266,1556,1539,1822,72
openHAB,openhab.org,2015-04,3465,2722,268,247,228,76,22562,17338,1904,1782,1538,71
openHAB,openhab.org,2015-07,3115,2377,271,275,192,83,22562,17338,1904,1782,1538,71
openHAB,openhab.org,2015-10,2308,1733,219,174,182,83,22562,17338,1904,1782,1538,71
openHAB,openhab.org,2016-01,3517,2803,265,264,185,86,22562,17338,1904,1782,1538,71
openHAB,openhab.org,2016-04,3552,2626,331,331,264,87,22562,17338,1904,1782,1538,71
openHAB,openhab.org,2016-07,1873,1494,139,116,124,87,22562,17338,1904,1782,1538,71
openHAB,openhab.org,2016-10,985,770,77,56,82,87,22562,17338,1904,1782,1538,71
openHAB,openhab.org,2017-01,1956,1555,144,120,137,87,22562,17338,1904,1782,1538,71
openHAB,openhab.org,2017-04,1791,1258,190,199,144,87,22562,17338,1904,1782,1538,71
ownCloud,owncloud.org,2015-04,10476,7984,498,880,1114,57,92054,67785,4621,10689,8959,70
ownCloud,owncloud.org,2015-07,8802,6547,417,847,991,57,92054,67785,4621,10689,8959,70
ownCloud,owncloud.org,2015-10,19870,14762,969,2338,1801,118,92054,67785,4621,10689,8959,70
ownCloud,owncloud.org,2016-01,11349,8323,548,1445,1033,118,92054,67785,4621,10689,8959,70
ownCloud,owncloud.org,2016-04,12366,8989,689,1324,1364,118,92054,67785,4621,10689,8959,70
ownCloud,owncloud.org,2016-07,15115,10833,745,2165,1372,174,92054,67785,4621,10689,8959,70
ownCloud,owncloud.org,2016-10,4819,3531,237,552,499,174,92054,67785,4621,10689,8959,70
ownCloud,owncloud.org,2017-01,4221,3279,194,366,382,174,92054,67785,4621,10689,8959,70
ownCloud,owncloud.org,2017-04,5036,3537,324,772,403,174,92054,67785,4621,10689,8959,70
PX4,"",2015-04,1515,927,239,270,79,21,25521,16966,2827,3949,1779,69
PX4,"",2015-07,2259,1680,269,173,137,23,25521,16966,2827,3949,1779,69
PX4,"",2015-10,1483,933,231,215,104,23,25521,16966,2827,3949,1779,69
PX4,"",2016-01,1748,1124,224,273,127,23,25521,16966,2827,3949,1779,69
PX4,"",2016-04,3590,2445,342,509,294,30,25521,16966,2827,3949,1779,69
PX4,"",2016-07,4228,2713,475,744,296,57,25521,16966,2827,3949,1779,69
PX4,"",2016-10,3458,2227,353,643,235,57,25521,16966,2827,3949,1779,69
PX4,"",2017-01,3429,2350,321,533,225,57,25521,16966,2827,3949,1779,69
PX4,"",2017-04,3811,2567,373,589,282,57,25521,16966,2827,3949,1779,69
Baystation12,baystation12.net,2015-04,4526,2810,683,580,453,52,36125,22359,5674,4940,3152,67
Baystation12,baystation12.net,2015-07,5410,3374,805,683,548,52,36125,22359,5674,4940,3152,67
Baystation12,baystation12.net,2015-10,4940,2936,803,700,501,52,36125,22359,5674,4940,3152,67
Baystation12,baystation12.net,2016-01,2347,1307,409,395,236,52,36125,22359,5674,4940,3152,67
Baystation12,baystation12.net,2016-04,2486,1333,463,452,238,52,36125,22359,5674,4940,3152,67
Baystation12,baystation12.net,2016-07,4690,2995,708,620,367,77,36125,22359,5674,4940,3152,67
Baystation12,baystation12.net,2016-10,3468,2164,551,478,275,77,36125,22359,5674,4940,3152,67
Baystation12,baystation12.net,2017-01,2909,1832,482,394,201,77,36125,22359,5674,4940,3152,67
Baystation12,baystation12.net,2017-04,5349,3608,770,638,333,77,36125,22359,5674,4940,3152,67
NativeScript,nativescript.org,2015-04,982,448,151,275,108,16,34788,20205,3079,7500,4004,67
NativeScript,nativescript.org,2015-07,2597,1360,292,596,349,28,34788,20205,3079,7500,4004,67
NativeScript,nativescript.org,2015-10,4388,2422,436,1011,519,44,34788,20205,3079,7500,4004,67
NativeScript,nativescript.org,2016-01,4709,2592,432,1229,456,46,34788,20205,3079,7500,4004,67
NativeScript,nativescript.org,2016-04,5065,3145,372,983,565,49,34788,20205,3079,7500,4004,67
NativeScript,nativescript.org,2016-07,5061,2948,455,1112,546,101,34788,20205,3079,7500,4004,67
NativeScript,nativescript.org,2016-10,3581,2362,229,558,432,101,34788,20205,3079,7500,4004,67
NativeScript,nativescript.org,2017-01,4266,2564,326,828,548,101,34788,20205,3079,7500,4004,67
NativeScript,nativescript.org,2017-04,4139,2364,386,908,481,101,34788,20205,3079,7500,4004,67
Theano,"",2015-04,1185,814,146,122,103,31,12686,9080,1449,771,1386,66
Theano,"",2015-07,1431,1003,175,123,130,32,12686,9080,1449,771,1386,66
Theano,"",2015-10,1215,813,174,99,129,36,12686,9080,1449,771,1386,66
Theano,"",2016-01,1233,857,137,72,167,36,12686,9080,1449,771,1386,66
Theano,"",2016-04,2105,1524,238,110,233,36,12686,9080,1449,771,1386,66
Theano,"",2016-07,1330,966,129,66,169,36,12686,9080,1449,771,1386,66
Theano,"",2016-10,1268,907,158,59,144,36,12686,9080,1449,771,1386,66
Theano,"",2017-01,1252,922,135,65,130,36,12686,9080,1449,771,1386,66
Theano,"",2017-04,1667,1274,157,55,181,36,12686,9080,1449,771,1386,66
Consul,consul.io,2015-04,1594,989,114,330,161,40,12156,7290,1009,2486,1371,64
Consul,consul.io,2015-07,1318,844,88,228,158,51,12156,7290,1009,2486,1371,64
Consul,consul.io,2015-10,1258,897,65,158,138,51,12156,7290,1009,2486,1371,64
Consul,consul.io,2016-01,1398,802,108,287,201,51,12156,7290,1009,2486,1371,64
Consul,consul.io,2016-04,1911,1244,154,289,224,52,12156,7290,1009,2486,1371,64
Consul,consul.io,2016-07,1057,649,90,150,168,52,12156,7290,1009,2486,1371,64
Consul,consul.io,2016-10,1181,678,120,277,106,52,12156,7290,1009,2486,1371,64
Consul,consul.io,2017-01,1269,660,137,360,112,52,12156,7290,1009,2486,1371,64
Consul,consul.io,2017-04,1170,527,133,407,103,52,12156,7290,1009,2486,1371,64
neovim,"",2015-04,4978,4340,253,82,303,18,28283,23316,2051,654,2262,64
neovim,"",2015-07,4899,4131,326,151,291,35,28283,23316,2051,654,2262,64
neovim,"",2015-10,3164,2662,203,61,238,35,28283,23316,2051,654,2262,64
neovim,"",2016-01,2856,2288,190,73,305,35,28283,23316,2051,654,2262,64
neovim,"",2016-04,3420,2773,287,73,287,35,28283,23316,2051,654,2262,64
neovim,"",2016-07,2280,1801,225,35,219,35,28283,23316,2051,654,2262,64
neovim,"",2016-10,2510,2098,179,42,191,35,28283,23316,2051,654,2262,64
neovim,"",2017-01,1749,1305,161,84,199,35,28283,23316,2051,654,2262,64
neovim,"",2017-04,2427,1918,227,53,229,35,28283,23316,2051,654,2262,64
TypeScript,typescriptlang.org,2015-04,5137,3641,215,598,683,28,70205,49454,3193,7532,10026,62
TypeScript,typescriptlang.org,2015-07,6357,4653,284,626,794,34,70205,49454,3193,7532,10026,62
TypeScript,typescriptlang.org,2015-10,7403,5427,344,602,1030,37,70205,49454,3193,7532,10026,62
TypeScript,typescriptlang.org,2016-01,7145,5043,332,800,970,37,70205,49454,3193,7532,10026,62
TypeScript,typescriptlang.org,2016-04,8413,6110,350,771,1182,37,70205,49454,3193,7532,10026,62
TypeScript,typescriptlang.org,2016-07,8777,6032,489,1103,1153,52,70205,49454,3193,7532,10026,62
TypeScript,typescriptlang.org,2016-10,9989,7026,422,1148,1393,52,70205,49454,3193,7532,10026,62
TypeScript,typescriptlang.org,2017-01,9293,6329,455,1065,1444,52,70205,49454,3193,7532,10026,62
TypeScript,typescriptlang.org,2017-04,7691,5193,302,819,1377,52,70205,49454,3193,7532,10026,62
BVLC,"",2015-04,2823,2062,228,169,364,47,19785,14869,1319,932,2665,61
BVLC,"",2015-07,2396,1852,152,83,309,47,19785,14869,1319,932,2665,61
BVLC,"",2015-10,2966,2357,197,116,296,47,19785,14869,1319,932,2665,61
BVLC,"",2016-01,1890,1431,145,76,238,47,19785,14869,1319,932,2665,61
BVLC,"",2016-04,2282,1671,149,151,311,54,19785,14869,1319,932,2665,61
BVLC,"",2016-07,2464,1867,138,100,359,54,19785,14869,1319,932,2665,61
BVLC,"",2016-10,1691,1222,100,70,299,54,19785,14869,1319,932,2665,61
BVLC,"",2017-01,1601,1180,102,62,257,54,19785,14869,1319,932,2665,61
BVLC,"",2017-04,1672,1227,108,105,232,54,19785,14869,1319,932,2665,61
zurb,zurb.com,2015-04,2765,1845,158,443,319,112,20321,14091,1371,2306,2553,61
zurb,zurb.com,2015-07,929,579,68,103,179,112,20321,14091,1371,2306,2553,61
zurb,zurb.com,2015-10,923,663,60,89,111,112,20321,14091,1371,2306,2553,61
zurb,zurb.com,2016-01,3075,1945,200,380,550,112,20321,14091,1371,2306,2553,61
zurb,zurb.com,2016-04,4109,2796,208,508,597,112,20321,14091,1371,2306,2553,61
zurb,zurb.com,2016-07,2529,1817,226,197,289,112,20321,14091,1371,2306,2553,61
zurb,zurb.com,2016-10,1341,969,119,126,127,112,20321,14091,1371,2306,2553,61
zurb,zurb.com,2017-01,2523,1809,213,344,157,112,20321,14091,1371,2306,2553,61
zurb,zurb.com,2017-04,2127,1668,119,116,224,112,20321,14091,1371,2306,2553,61
sympy,"",2015-04,3218,2514,298,186,220,48,22149,17462,2051,1084,1552,60
sympy,"",2015-07,2889,2343,224,161,161,48,22149,17462,2051,1084,1552,60
sympy,"",2015-10,2322,1816,215,143,148,48,22149,17462,2051,1084,1552,60
sympy,"",2016-01,2157,1676,208,106,167,48,22149,17462,2051,1084,1552,60
sympy,"",2016-04,3519,2763,362,173,221,63,22149,17462,2051,1084,1552,60
sympy,"",2016-07,2120,1700,153,74,193,63,22149,17462,2051,1084,1552,60
sympy,"",2016-10,1768,1384,160,75,149,63,22149,17462,2051,1084,1552,60
sympy,"",2017-01,1599,1235,159,78,127,63,22149,17462,2051,1084,1552,60
sympy,"",2017-04,2557,2031,272,88,166,63,22149,17462,2051,1084,1552,60
RIOT-OS,"",2015-04,3587,2978,337,190,82,29,36280,30529,2980,2046,725,59
RIOT-OS,"",2015-07,4082,3471,344,203,64,33,36280,30529,2980,2046,725,59
RIOT-OS,"",2015-10,4340,3644,353,254,89,33,36280,30529,2980,2046,725,59
RIOT-OS,"",2016-01,3537,2929,325,218,65,33,36280,30529,2980,2046,725,59
RIOT-OS,"",2016-04,5821,4997,428,284,112,43,36280,30529,2980,2046,725,59
RIOT-OS,"",2016-07,2726,2278,221,155,72,50,36280,30529,2980,2046,725,59
RIOT-OS,"",2016-10,3624,3153,242,166,63,50,36280,30529,2980,2046,725,59
RIOT-OS,"",2017-01,3632,3041,309,217,65,50,36280,30529,2980,2046,725,59
RIOT-OS,"",2017-04,4931,4038,421,359,113,51,36280,30529,2980,2046,725,59
Cataclysm-DDA,en.cataclysmdda.com,2015-04,6123,4634,744,367,378,56,52148,39622,5768,3188,3570,58
Cataclysm-DDA,en.cataclysmdda.com,2015-07,5278,4134,486,301,357,57,52148,39622,5768,3188,3570,58
Cataclysm-DDA,en.cataclysmdda.com,2015-10,4636,3535,550,269,282,57,52148,39622,5768,3188,3570,58
Cataclysm-DDA,en.cataclysmdda.com,2016-01,5382,4056,609,355,362,57,52148,39622,5768,3188,3570,58
Cataclysm-DDA,en.cataclysmdda.com,2016-04,6678,5074,842,375,387,57,52148,39622,5768,3188,3570,58
Cataclysm-DDA,en.cataclysmdda.com,2016-07,6186,4399,853,442,492,70,52148,39622,5768,3188,3570,58
Cataclysm-DDA,en.cataclysmdda.com,2016-10,6202,4733,618,414,437,70,52148,39622,5768,3188,3570,58
Cataclysm-DDA,en.cataclysmdda.com,2017-01,8020,6342,683,441,554,70,52148,39622,5768,3188,3570,58
Cataclysm-DDA,en.cataclysmdda.com,2017-04,3643,2715,383,224,321,70,52148,39622,5768,3188,3570,58
twbs,"",2015-04,3484,2575,241,238,430,34,26825,18449,2218,2135,4023,58
twbs,"",2015-07,2755,2053,162,172,368,34,26825,18449,2218,2135,4023,58
twbs,"",2015-10,3714,2453,379,301,581,53,26825,18449,2218,2135,4023,58
twbs,"",2016-01,3199,2144,299,246,510,53,26825,18449,2218,2135,4023,58
twbs,"",2016-04,2910,1911,258,291,450,53,26825,18449,2218,2135,4023,58
twbs,"",2016-07,2127,1533,152,108,334,53,26825,18449,2218,2135,4023,58
twbs,"",2016-10,2389,1693,200,120,376,53,26825,18449,2218,2135,4023,58
twbs,"",2017-01,3150,2039,277,445,389,81,26825,18449,2218,2135,4023,58
twbs,"",2017-04,3097,2048,250,214,585,81,26825,18449,2218,2135,4023,58
Leaflet,"",2015-04,1121,757,89,125,150,45,12349,8141,1036,1793,1379,56
Leaflet,"",2015-07,1494,975,124,265,130,52,12349,8141,1036,1793,1379,56
Leaflet,"",2015-10,1850,1256,126,269,199,52,12349,8141,1036,1793,1379,56
Leaflet,"",2016-01,1273,860,100,164,149,52,12349,8141,1036,1793,1379,56
Leaflet,"",2016-04,1323,901,109,169,144,52,12349,8141,1036,1793,1379,56
Leaflet,"",2016-07,1739,1111,185,279,164,52,12349,8141,1036,1793,1379,56
Leaflet,"",2016-10,1477,932,130,244,171,52,12349,8141,1036,1793,1379,56
Leaflet,"",2017-01,1081,694,92,152,143,52,12349,8141,1036,1793,1379,56
Leaflet,"",2017-04,991,655,81,126,129,52,12349,8141,1036,1793,1379,56
Google Protocol Buffers,developers.google.com/protocol-buffers,2015-04,541,344,61,81,55,22,12628,8439,1455,1333,1401,55
Google Protocol Buffers,developers.google.com/protocol-buffers,2015-07,1288,799,162,185,142,35,12628,8439,1455,1333,1401,55
Google Protocol Buffers,developers.google.com/protocol-buffers,2015-10,1283,825,182,156,120,35,12628,8439,1455,1333,1401,55
Google Protocol Buffers,developers.google.com/protocol-buffers,2016-01,856,514,123,103,116,35,12628,8439,1455,1333,1401,55
Google Protocol Buffers,developers.google.com/protocol-buffers,2016-04,1405,992,144,114,155,41,12628,8439,1455,1333,1401,55
Google Protocol Buffers,developers.google.com/protocol-buffers,2016-07,1568,1039,199,148,182,51,12628,8439,1455,1333,1401,55
Google Protocol Buffers,developers.google.com/protocol-buffers,2016-10,1968,1242,240,237,249,53,12628,8439,1455,1333,1401,55
Google Protocol Buffers,developers.google.com/protocol-buffers,2017-01,1650,1152,160,150,188,53,12628,8439,1455,1333,1401,55
Google Protocol Buffers,developers.google.com/protocol-buffers,2017-04,2069,1532,184,159,194,53,12628,8439,1455,1333,1401,55
Realm,realm.io,2015-04,3807,2328,226,843,410,32,53725,35629,2438,10448,5210,55
Realm,realm.io,2015-07,3995,2667,172,727,429,32,53725,35629,2438,10448,5210,55
Realm,realm.io,2015-10,4296,2811,162,841,482,33,53725,35629,2438,10448,5210,55
Realm,realm.io,2016-01,7027,4578,315,1499,635,35,53725,35629,2438,10448,5210,55
Realm,realm.io,2016-04,6824,4659,276,1285,604,35,53725,35629,2438,10448,5210,55
Realm,realm.io,2016-07,8999,5843,487,1871,798,80,53725,35629,2438,10448,5210,55
Realm,realm.io,2016-10,5868,4071,237,995,565,80,53725,35629,2438,10448,5210,55
Realm,realm.io,2017-01,6059,4120,234,1034,671,80,53725,35629,2438,10448,5210,55
Realm,realm.io,2017-04,6850,4552,329,1353,616,80,53725,35629,2438,10448,5210,55
Sequelize,docs-sequelizejs.com,2015-04,3816,2775,157,391,493,65,26716,20009,1322,1984,3401,54
Sequelize,docs-sequelizejs.com,2015-07,3822,2832,205,350,435,76,26716,20009,1322,1984,3401,54
Sequelize,docs-sequelizejs.com,2015-10,3276,2455,161,225,435,78,26716,20009,1322,1984,3401,54
Sequelize,docs-sequelizejs.com,2016-01,3005,2316,128,150,411,78,26716,20009,1322,1984,3401,54
Sequelize,docs-sequelizejs.com,2016-04,3066,2357,152,163,394,78,26716,20009,1322,1984,3401,54
Sequelize,docs-sequelizejs.com,2016-07,3266,2527,179,233,327,78,26716,20009,1322,1984,3401,54
Sequelize,docs-sequelizejs.com,2016-10,2899,2225,119,230,325,78,26716,20009,1322,1984,3401,54
Sequelize,docs-sequelizejs.com,2017-01,1967,1432,104,151,280,78,26716,20009,1322,1984,3401,54
Sequelize,docs-sequelizejs.com,2017-04,1599,1090,117,91,301,78,26716,20009,1322,1984,3401,54
spring-projects,"",2015-04,1928,1322,74,177,355,16,27132,17608,1522,3419,4583,54
spring-projects,"",2015-07,2380,1513,156,305,406,34,27132,17608,1522,3419,4583,54
spring-projects,"",2015-10,2980,1916,162,410,492,43,27132,17608,1522,3419,4583,54
spring-projects,"",2016-01,3299,2128,210,412,549,44,27132,17608,1522,3419,4583,54
spring-projects,"",2016-04,2677,1811,142,253,471,44,27132,17608,1522,3419,4583,54
spring-projects,"",2016-07,3697,2420,254,484,539,103,27132,17608,1522,3419,4583,54
spring-projects,"",2016-10,3327,2183,194,345,605,103,27132,17608,1522,3419,4583,54
spring-projects,"",2017-01,3206,1990,161,555,500,103,27132,17608,1522,3419,4583,54
spring-projects,"",2017-04,3638,2325,169,478,666,103,27132,17608,1522,3419,4583,54
libretro,libretro.com,2015-04,3168,451,175,2448,94,36,31933,9099,1984,19227,1623,54
libretro,libretro.com,2015-07,3767,479,248,2957,83,39,31933,9099,1984,19227,1623,54
libretro,libretro.com,2015-10,2727,590,177,1801,159,39,31933,9099,1984,19227,1623,54
libretro,libretro.com,2016-01,4031,1087,267,2506,171,39,31933,9099,1984,19227,1623,54
libretro,libretro.com,2016-04,2929,738,89,1961,141,39,31933,9099,1984,19227,1623,54
libretro,libretro.com,2016-07,3494,841,186,2295,172,44,31933,9099,1984,19227,1623,54
libretro,libretro.com,2016-10,3888,1321,305,2040,222,45,31933,9099,1984,19227,1623,54
libretro,libretro.com,2017-01,4567,1997,351,1915,304,54,31933,9099,1984,19227,1623,54
libretro,libretro.com,2017-04,3362,1595,186,1304,277,54,31933,9099,1984,19227,1623,54
libgdx,"",2015-04,1797,1249,119,229,200,53,10590,7113,823,1414,1240,53
libgdx,"",2015-07,1394,927,93,201,173,53,10590,7113,823,1414,1240,53
libgdx,"",2015-10,1189,822,78,151,138,53,10590,7113,823,1414,1240,53
libgdx,"",2016-01,1376,905,110,226,135,53,10590,7113,823,1414,1240,53
libgdx,"",2016-04,1592,1063,127,218,184,53,10590,7113,823,1414,1240,53
libgdx,"",2016-07,1178,839,88,132,119,53,10590,7113,823,1414,1240,53
libgdx,"",2016-10,577,362,65,59,91,53,10590,7113,823,1414,1240,53
libgdx,"",2017-01,865,566,77,118,104,53,10590,7113,823,1414,1240,53
libgdx,"",2017-04,622,380,66,80,96,53,10590,7113,823,1414,1240,53
zfsonlinux,"",2015-04,2134,1819,85,54,176,22,22270,18403,1335,814,1718,52
zfsonlinux,"",2015-07,2610,2225,127,73,185,25,22270,18403,1335,814,1718,52
zfsonlinux,"",2015-10,2367,1965,131,59,212,25,22270,18403,1335,814,1718,52
zfsonlinux,"",2016-01,2181,1843,84,41,213,25,22270,18403,1335,814,1718,52
zfsonlinux,"",2016-04,2886,2473,156,77,180,38,22270,18403,1335,814,1718,52
zfsonlinux,"",2016-07,2598,2169,124,72,233,38,22270,18403,1335,814,1718,52
zfsonlinux,"",2016-10,2725,2234,207,103,181,38,22270,18403,1335,814,1718,52
zfsonlinux,"",2017-01,2478,1982,185,149,162,38,22270,18403,1335,814,1718,52
zfsonlinux,"",2017-04,2291,1693,236,186,176,39,22270,18403,1335,814,1718,52
Atom,atom.io,2015-04,7396,5237,215,802,1142,43,68559,48504,2763,7292,10000,51
Atom,atom.io,2015-07,10577,7751,389,757,1680,59,68559,48504,2763,7292,10000,51
Atom,atom.io,2015-10,12642,9031,556,1242,1813,87,68559,48504,2763,7292,10000,51
Atom,atom.io,2016-01,10135,6937,486,1038,1674,87,68559,48504,2763,7292,10000,51
Atom,atom.io,2016-04,10130,7271,478,817,1564,87,68559,48504,2763,7292,10000,51
Atom,atom.io,2016-07,5208,3951,154,505,598,87,68559,48504,2763,7292,10000,51
Atom,atom.io,2016-10,4524,2915,189,854,566,87,68559,48504,2763,7292,10000,51
Atom,atom.io,2017-01,4095,2778,167,632,518,87,68559,48504,2763,7292,10000,51
Atom,atom.io,2017-04,3852,2633,129,645,445,87,68559,48504,2763,7292,10000,51
Codeception,"",2015-04,880,544,88,122,126,45,11639,7272,1191,1766,1410,51
Codeception,"",2015-07,1449,818,144,310,177,58,11639,7272,1191,1766,1410,51
Codeception,"",2015-10,1446,931,144,194,177,58,11639,7272,1191,1766,1410,51
Codeception,"",2016-01,1266,740,145,234,147,58,11639,7272,1191,1766,1410,51
Codeception,"",2016-04,1362,825,126,251,160,58,11639,7272,1191,1766,1410,51
Codeception,"",2016-07,1631,1037,161,229,204,58,11639,7272,1191,1766,1410,51
Codeception,"",2016-10,1200,787,128,142,143,58,11639,7272,1191,1766,1410,51
Codeception,"",2017-01,1433,948,163,168,154,58,11639,7272,1191,1766,1410,51
Codeception,"",2017-04,972,642,92,116,122,58,11639,7272,1191,1766,1410,51
astropy,"",2015-04,2936,2341,223,212,160,36,22466,18315,1496,1515,1140,50
astropy,"",2015-07,2326,1924,140,144,118,36,22466,18315,1496,1515,1140,50
astropy,"",2015-10,2491,1974,186,198,133,41,22466,18315,1496,1515,1140,50
astropy,"",2016-01,2103,1635,119,237,112,41,22466,18315,1496,1515,1140,50
astropy,"",2016-04,2592,2069,196,201,126,41,22466,18315,1496,1515,1140,50
astropy,"",2016-07,3351,2837,217,145,152,43,22466,18315,1496,1515,1140,50
astropy,"",2016-10,1739,1447,116,64,112,43,22466,18315,1496,1515,1140,50
astropy,"",2017-01,2455,2007,163,177,108,43,22466,18315,1496,1515,1140,50
astropy,"",2017-04,2473,2081,136,137,119,44,22466,18315,1496,1515,1140,50
silverstripe,"",2015-04,1676,1221,219,157,79,69,13556,9606,1611,1245,1094,49
silverstripe,"",2015-07,1348,950,215,102,81,69,13556,9606,1611,1245,1094,49
silverstripe,"",2015-10,1448,1063,176,130,79,69,13556,9606,1611,1245,1094,49
silverstripe,"",2016-01,820,550,125,66,79,69,13556,9606,1611,1245,1094,49
silverstripe,"",2016-04,1832,1383,231,99,119,69,13556,9606,1611,1245,1094,49
silverstripe,"",2016-07,2087,1412,218,205,252,69,13556,9606,1611,1245,1094,49
silverstripe,"",2016-10,1679,1195,138,200,146,69,13556,9606,1611,1245,1094,49
silverstripe,"",2017-01,1260,854,130,145,131,69,13556,9606,1611,1245,1094,49
silverstripe,"",2017-04,1406,978,159,141,128,69,13556,9606,1611,1245,1094,49
bokeh,"",2015-04,2357,1530,160,440,227,21,19702,11897,1475,3988,2342,48
bokeh,"",2015-07,1440,899,112,233,196,21,19702,11897,1475,3988,2342,48
bokeh,"",2015-10,2430,1459,183,554,234,26,19702,11897,1475,3988,2342,48
bokeh,"",2016-01,2802,1525,197,809,271,26,19702,11897,1475,3988,2342,48
bokeh,"",2016-04,2715,1618,230,541,326,26,19702,11897,1475,3988,2342,48
bokeh,"",2016-07,2863,1732,208,575,348,28,19702,11897,1475,3988,2342,48
bokeh,"",2016-10,2072,1226,167,368,311,28,19702,11897,1475,3988,2342,48
bokeh,"",2017-01,1375,881,98,188,208,28,19702,11897,1475,3988,2342,48
bokeh,"",2017-04,1648,1027,120,280,221,28,19702,11897,1475,3988,2342,48
octobercms,"",2015-04,967,395,91,374,107,34,9186,5405,831,1760,1190,47
octobercms,"",2015-07,922,479,94,228,121,34,9186,5405,831,1760,1190,47
octobercms,"",2015-10,962,463,127,255,117,36,9186,5405,831,1760,1190,47
octobercms,"",2016-01,734,382,95,152,105,39,9186,5405,831,1760,1190,47
octobercms,"",2016-04,985,567,104,188,126,39,9186,5405,831,1760,1190,47
octobercms,"",2016-07,1260,794,96,186,184,39,9186,5405,831,1760,1190,47
octobercms,"",2016-10,1120,732,92,141,155,40,9186,5405,831,1760,1190,47
octobercms,"",2017-01,968,678,66,97,127,40,9186,5405,831,1760,1190,47
octobercms,"",2017-04,1268,915,66,139,148,40,9186,5405,831,1760,1190,47
WordPress-mobile,make.wordpress.org/mobile,2015-04,4214,1720,470,1614,410,37,42767,17368,4104,17726,3569,46
WordPress-mobile,make.wordpress.org/mobile,2015-07,5031,2078,503,1969,481,37,42767,17368,4104,17726,3569,46
WordPress-mobile,make.wordpress.org/mobile,2015-10,4496,1628,413,2102,353,37,42767,17368,4104,17726,3569,46
WordPress-mobile,make.wordpress.org/mobile,2016-01,3928,1577,317,1779,255,39,42767,17368,4104,17726,3569,46
WordPress-mobile,make.wordpress.org/mobile,2016-04,5508,2250,497,2401,360,39,42767,17368,4104,17726,3569,46
WordPress-mobile,make.wordpress.org/mobile,2016-07,6407,2474,601,2896,436,67,42767,17368,4104,17726,3569,46
WordPress-mobile,make.wordpress.org/mobile,2016-10,3507,1412,329,1447,319,67,42767,17368,4104,17726,3569,46
WordPress-mobile,make.wordpress.org/mobile,2017-01,4064,1832,369,1506,357,67,42767,17368,4104,17726,3569,46
WordPress-mobile,make.wordpress.org/mobile,2017-04,5612,2397,605,2012,598,67,42767,17368,4104,17726,3569,46
idaholab,"",2015-04,1693,1090,202,199,202,24,21175,14425,2479,2206,2065,46
idaholab,"",2015-07,1686,950,254,234,248,29,21175,14425,2479,2206,2065,46
idaholab,"",2015-10,2260,1560,267,235,198,35,21175,14425,2479,2206,2065,46
idaholab,"",2016-01,1912,1409,195,146,162,35,21175,14425,2479,2206,2065,46
idaholab,"",2016-04,2842,1943,327,297,275,35,21175,14425,2479,2206,2065,46
idaholab,"",2016-07,3150,2223,323,317,287,53,21175,14425,2479,2206,2065,46
idaholab,"",2016-10,2515,1708,297,262,248,53,21175,14425,2479,2206,2065,46
idaholab,"",2017-01,2156,1475,262,217,202,53,21175,14425,2479,2206,2065,46
idaholab,"",2017-04,2961,2067,352,299,243,53,21175,14425,2479,2206,2065,46
idris-lang,"",2015-04,1188,707,140,214,127,34,9253,5998,1000,1372,883,45
idris-lang,"",2015-07,1291,750,179,223,139,45,9253,5998,1000,1372,883,45
idris-lang,"",2015-10,1162,693,151,200,118,45,9253,5998,1000,1372,883,45
idris-lang,"",2016-01,929,620,89,104,116,45,9253,5998,1000,1372,883,45
idris-lang,"",2016-04,924,543,128,178,75,45,9253,5998,1000,1372,883,45
idris-lang,"",2016-07,1100,815,65,133,87,45,9253,5998,1000,1372,883,45
idris-lang,"",2016-10,1196,833,136,146,81,45,9253,5998,1000,1372,883,45
idris-lang,"",2017-01,737,540,57,67,73,45,9253,5998,1000,1372,883,45
idris-lang,"",2017-04,726,497,55,107,67,45,9253,5998,1000,1372,883,45
magefree,"",2015-04,1266,398,89,650,129,28,10912,3700,1181,4753,1278,45
magefree,"",2015-07,1196,321,84,660,131,36,10912,3700,1181,4753,1278,45
magefree,"",2015-10,1308,358,94,717,139,36,10912,3700,1181,4753,1278,45
magefree,"",2016-01,733,179,66,405,83,36,10912,3700,1181,4753,1278,45
magefree,"",2016-04,1417,534,177,545,161,36,10912,3700,1181,4753,1278,45
magefree,"",2016-07,1024,384,146,333,161,36,10912,3700,1181,4753,1278,45
magefree,"",2016-10,1573,656,153,548,216,38,10912,3700,1181,4753,1278,45
magefree,"",2017-01,1161,366,199,467,129,38,10912,3700,1181,4753,1278,45
magefree,"",2017-04,1234,504,173,428,129,38,10912,3700,1181,4753,1278,45
Meteor,meteor.com,2015-04,4778,3251,106,858,563,44,40699,30922,1180,4278,4319,45
Meteor,meteor.com,2015-07,3561,2529,102,453,477,44,40699,30922,1180,4278,4319,45
Meteor,meteor.com,2015-10,4428,3028,112,712,576,44,40699,30922,1180,4278,4319,45
Meteor,meteor.com,2016-01,3351,2705,92,112,442,44,40699,30922,1180,4278,4319,45
Meteor,meteor.com,2016-04,6108,4606,193,584,725,52,40699,30922,1180,4278,4319,45
Meteor,meteor.com,2016-07,6903,5410,269,615,609,114,40699,30922,1180,4278,4319,45
Meteor,meteor.com,2016-10,4911,4030,112,360,409,114,40699,30922,1180,4278,4319,45
Meteor,meteor.com,2017-01,3537,2919,88,256,274,114,40699,30922,1180,4278,4319,45
Meteor,meteor.com,2017-04,3122,2444,106,328,244,114,40699,30922,1180,4278,4319,45
RobotLocomotion,drake.mit.edu,2015-04,1179,732,188,157,102,18,33319,27505,2383,2022,1409,44
RobotLocomotion,drake.mit.edu,2015-07,828,475,154,121,78,18,33319,27505,2383,2022,1409,44
RobotLocomotion,drake.mit.edu,2015-10,1549,1117,177,129,126,18,33319,27505,2383,2022,1409,44
RobotLocomotion,drake.mit.edu,2016-01,895,610,113,73,99,18,33319,27505,2383,2022,1409,44
RobotLocomotion,drake.mit.edu,2016-04,2675,2077,229,176,193,42,33319,27505,2383,2022,1409,44
RobotLocomotion,drake.mit.edu,2016-07,4599,3893,264,235,207,42,33319,27505,2383,2022,1409,44
RobotLocomotion,drake.mit.edu,2016-10,6348,5466,348,304,230,42,33319,27505,2383,2022,1409,44
RobotLocomotion,drake.mit.edu,2017-01,7500,6437,449,395,219,42,33319,27505,2383,2022,1409,44
RobotLocomotion,drake.mit.edu,2017-04,7746,6698,461,432,155,42,33319,27505,2383,2022,1409,44
drush-ops,"",2015-04,1305,859,95,206,145,44,9440,5804,736,1912,988,44
drush-ops,"",2015-07,884,552,79,155,98,44,9440,5804,736,1912,988,44
drush-ops,"",2015-10,1247,832,78,213,124,44,9440,5804,736,1912,988,44
drush-ops,"",2016-01,1595,1038,112,289,156,44,9440,5804,736,1912,988,44
drush-ops,"",2016-04,1182,757,96,196,133,44,9440,5804,736,1912,988,44
drush-ops,"",2016-07,694,401,62,147,84,44,9440,5804,736,1912,988,44
drush-ops,"",2016-10,791,437,51,228,75,44,9440,5804,736,1912,988,44
drush-ops,"",2017-01,904,502,73,240,89,44,9440,5804,736,1912,988,44
drush-ops,"",2017-04,838,426,90,238,84,44,9440,5804,736,1912,988,44
AnalyticalGraphicsInc,"",2015-04,1470,661,125,587,97,13,14737,7854,1497,4372,1014,44
AnalyticalGraphicsInc,"",2015-07,1274,656,126,389,103,13,14737,7854,1497,4372,1014,44
AnalyticalGraphicsInc,"",2015-10,757,380,114,194,69,20,14737,7854,1497,4372,1014,44
AnalyticalGraphicsInc,"",2016-01,1627,871,198,461,97,31,14737,7854,1497,4372,1014,44
AnalyticalGraphicsInc,"",2016-04,2392,1379,277,610,126,31,14737,7854,1497,4372,1014,44
AnalyticalGraphicsInc,"",2016-07,1522,747,158,509,108,35,14737,7854,1497,4372,1014,44
AnalyticalGraphicsInc,"",2016-10,1640,794,128,595,123,35,14737,7854,1497,4372,1014,44
AnalyticalGraphicsInc,"",2017-01,2025,1160,165,534,166,35,14737,7854,1497,4372,1014,44
AnalyticalGraphicsInc,"",2017-04,2030,1206,206,493,125,36,14737,7854,1497,4372,1014,44
Polymer,polymer-project.org,2015-04,1338,749,54,287,248,30,18542,11360,1113,3126,2943,43
Polymer,polymer-project.org,2015-07,3757,2082,289,748,638,87,18542,11360,1113,3126,2943,43
Polymer,polymer-project.org,2015-10,2707,1658,184,381,484,87,18542,11360,1113,3126,2943,43
Polymer,polymer-project.org,2016-01,3124,2192,109,284,539,87,18542,11360,1113,3126,2943,43
Polymer,polymer-project.org,2016-04,1976,1425,95,234,222,87,18542,11360,1113,3126,2943,43
Polymer,polymer-project.org,2016-07,2133,1269,161,406,297,87,18542,11360,1113,3126,2943,43
Polymer,polymer-project.org,2016-10,1130,692,69,164,205,87,18542,11360,1113,3126,2943,43
Polymer,polymer-project.org,2017-01,920,577,57,129,157,87,18542,11360,1113,3126,2943,43
Polymer,polymer-project.org,2017-04,1457,716,95,493,153,87,18542,11360,1113,3126,2943,43
Play Framework,playframework.com,2015-04,2191,1504,292,254,141,74,17223,11291,2310,2214,1408,43
Play Framework,playframework.com,2015-07,3313,2193,401,433,286,83,17223,11291,2310,2214,1408,43
Play Framework,playframework.com,2015-10,1786,1248,193,158,187,83,17223,11291,2310,2214,1408,43
Play Framework,playframework.com,2016-01,1494,1034,193,128,139,83,17223,11291,2310,2214,1408,43
Play Framework,playframework.com,2016-04,2707,1724,391,374,218,83,17223,11291,2310,2214,1408,43
Play Framework,playframework.com,2016-07,1623,1018,222,255,128,83,17223,11291,2310,2214,1408,43
Play Framework,playframework.com,2016-10,1669,1082,233,243,111,83,17223,11291,2310,2214,1408,43
Play Framework,playframework.com,2017-01,944,556,149,157,82,83,17223,11291,2310,2214,1408,43
Play Framework,playframework.com,2017-04,1496,932,236,212,116,83,17223,11291,2310,2214,1408,43
The Servo Browser Engine,servo.org,2015-04,2810,1766,640,229,175,27,54014,42564,6352,1412,3686,42
The Servo Browser Engine,servo.org,2015-07,4159,3075,645,182,257,31,54014,42564,6352,1412,3686,42
The Servo Browser Engine,servo.org,2015-10,5622,4408,755,144,315,31,54014,42564,6352,1412,3686,42
The Servo Browser Engine,servo.org,2016-01,6175,4939,784,95,357,31,54014,42564,6352,1412,3686,42
The Servo Browser Engine,servo.org,2016-04,6305,5109,626,98,472,31,54014,42564,6352,1412,3686,42
The Servo Browser Engine,servo.org,2016-07,9088,7440,895,89,664,31,54014,42564,6352,1412,3686,42
The Servo Browser Engine,servo.org,2016-10,7385,5946,635,134,670,31,54014,42564,6352,1412,3686,42
The Servo Browser Engine,servo.org,2017-01,6130,4794,695,278,363,38,54014,42564,6352,1412,3686,42
The Servo Browser Engine,servo.org,2017-04,6340,5087,677,163,413,38,54014,42564,6352,1412,3686,42
Microsoft Orleans,dotnet.github.io/orleans,2015-04,1670,1091,202,264,113,37,19007,13582,1928,2382,1115,42
Microsoft Orleans,dotnet.github.io/orleans,2015-07,1772,1084,204,391,93,37,19007,13582,1928,2382,1115,42
Microsoft Orleans,dotnet.github.io/orleans,2015-10,1674,1079,209,291,95,37,19007,13582,1928,2382,1115,42
Microsoft Orleans,dotnet.github.io/orleans,2016-01,2953,2311,238,271,133,48,19007,13582,1928,2382,1115,42
Microsoft Orleans,dotnet.github.io/orleans,2016-04,2876,2126,242,317,191,48,19007,13582,1928,2382,1115,42
Microsoft Orleans,dotnet.github.io/orleans,2016-07,1819,1375,149,169,126,52,19007,13582,1928,2382,1115,42
Microsoft Orleans,dotnet.github.io/orleans,2016-10,2270,1663,239,236,132,52,19007,13582,1928,2382,1115,42
Microsoft Orleans,dotnet.github.io/orleans,2017-01,1939,1418,204,202,115,52,19007,13582,1928,2382,1115,42
Microsoft Orleans,dotnet.github.io/orleans,2017-04,2034,1435,241,241,117,52,19007,13582,1928,2382,1115,42
druid-io,"",2015-04,1332,722,236,321,53,25,19451,13000,3040,2422,989,42
druid-io,"",2015-07,1287,827,201,203,56,26,19451,13000,3040,2422,989,42
druid-io,"",2015-10,1805,1073,387,265,80,34,19451,13000,3040,2422,989,42
druid-io,"",2016-01,2322,1473,458,260,131,34,19451,13000,3040,2422,989,42
druid-io,"",2016-04,4247,2905,623,542,177,50,19451,13000,3040,2422,989,42
druid-io,"",2016-07,2681,1837,405,291,148,53,19451,13000,3040,2422,989,42
druid-io,"",2016-10,1793,1269,235,161,128,53,19451,13000,3040,2422,989,42
druid-io,"",2017-01,1742,1238,226,185,93,53,19451,13000,3040,2422,989,42
druid-io,"",2017-04,2242,1656,269,194,123,53,19451,13000,3040,2422,989,42
Cocos2d-x,cocos2d-x.org,2015-04,4148,1998,763,886,501,92,28524,17060,4393,4422,2649,41
Cocos2d-x,cocos2d-x.org,2015-07,4100,2028,797,908,367,92,28524,17060,4393,4422,2649,41
Cocos2d-x,cocos2d-x.org,2015-10,4771,2639,871,796,465,92,28524,17060,4393,4422,2649,41
Cocos2d-x,cocos2d-x.org,2016-01,2637,1540,460,380,257,92,28524,17060,4393,4422,2649,41
Cocos2d-x,cocos2d-x.org,2016-04,1782,1067,293,231,191,92,28524,17060,4393,4422,2649,41
Cocos2d-x,cocos2d-x.org,2016-07,3624,2589,378,418,239,106,28524,17060,4393,4422,2649,41
Cocos2d-x,cocos2d-x.org,2016-10,3510,2598,330,343,239,106,28524,17060,4393,4422,2649,41
Cocos2d-x,cocos2d-x.org,2017-01,1807,1187,238,202,180,106,28524,17060,4393,4422,2649,41
Cocos2d-x,cocos2d-x.org,2017-04,2145,1414,263,258,210,106,28524,17060,4393,4422,2649,41
prometheus,"",2015-04,1035,568,118,278,71,20,16011,10665,1273,2923,1150,41
prometheus,"",2015-07,1821,980,197,578,66,21,16011,10665,1273,2923,1150,41
prometheus,"",2015-10,2268,1495,159,515,99,27,16011,10665,1273,2923,1150,41
prometheus,"",2016-01,921,626,75,150,70,27,16011,10665,1273,2923,1150,41
prometheus,"",2016-04,1569,973,124,344,128,27,16011,10665,1273,2923,1150,41
prometheus,"",2016-07,2418,1726,180,292,220,60,16011,10665,1273,2923,1150,41
prometheus,"",2016-10,1925,1411,134,248,132,60,16011,10665,1273,2923,1150,41
prometheus,"",2017-01,1576,1117,117,193,149,60,16011,10665,1273,2923,1150,41
prometheus,"",2017-04,2478,1769,169,325,215,60,16011,10665,1273,2923,1150,41
HabitRPG,"",2015-04,3498,2631,141,381,345,29,25925,17144,1631,4738,2412,40
HabitRPG,"",2015-07,4435,3324,218,522,371,34,25925,17144,1631,4738,2412,40
HabitRPG,"",2015-10,2570,1554,135,553,328,34,25925,17144,1631,4738,2412,40
HabitRPG,"",2016-01,2472,1385,176,651,260,39,25925,17144,1631,4738,2412,40
HabitRPG,"",2016-04,3070,1968,236,534,332,39,25925,17144,1631,4738,2412,40
HabitRPG,"",2016-07,4084,2566,251,792,475,39,25925,17144,1631,4738,2412,40
HabitRPG,"",2016-10,2576,1753,175,513,135,39,25925,17144,1631,4738,2412,40
HabitRPG,"",2017-01,1600,1016,142,365,77,39,25925,17144,1631,4738,2412,40
HabitRPG,"",2017-04,1620,947,157,427,89,39,25925,17144,1631,4738,2412,40
composer,"",2015-04,1756,1359,97,107,193,48,19661,15787,807,1174,1893,40
composer,"",2015-07,2361,1899,131,151,180,49,19661,15787,807,1174,1893,40
composer,"",2015-10,2260,1897,72,93,198,49,19661,15787,807,1174,1893,40
composer,"",2016-01,1981,1613,77,109,182,49,19661,15787,807,1174,1893,40
composer,"",2016-04,3614,2959,142,242,271,65,19661,15787,807,1174,1893,40
composer,"",2016-07,2470,1924,86,199,261,65,19661,15787,807,1174,1893,40
composer,"",2016-10,1699,1360,64,83,192,65,19661,15787,807,1174,1893,40
composer,"",2017-01,1738,1367,78,107,186,65,19661,15787,807,1174,1893,40
composer,"",2017-04,1782,1409,60,83,230,65,19661,15787,807,1174,1893,40
kivy,"",2015-04,1681,903,249,360,169,41,11802,7215,1175,2021,1391,39
kivy,"",2015-07,1067,592,122,188,165,41,11802,7215,1175,2021,1391,39
kivy,"",2015-10,954,520,84,236,114,41,11802,7215,1175,2021,1391,39
kivy,"",2016-01,1146,696,94,210,146,41,11802,7215,1175,2021,1391,39
kivy,"",2016-04,1933,1160,194,339,240,47,11802,7215,1175,2021,1391,39
kivy,"",2016-07,1383,902,118,153,210,48,11802,7215,1175,2021,1391,39
kivy,"",2016-10,990,610,111,171,98,48,11802,7215,1175,2021,1391,39
kivy,"",2017-01,1351,917,97,216,121,48,11802,7215,1175,2021,1391,39
kivy,"",2017-04,1297,915,106,148,128,48,11802,7215,1175,2021,1391,39
Mesosphere,mesosphere.com,2015-04,2094,1288,195,366,245,48,27895,15055,1954,7777,3109,39
Mesosphere,mesosphere.com,2015-07,3068,1744,217,731,376,50,27895,15055,1954,7777,3109,39
Mesosphere,mesosphere.com,2015-10,3852,2193,283,891,485,70,27895,15055,1954,7777,3109,39
Mesosphere,mesosphere.com,2016-01,2757,1625,211,554,367,70,27895,15055,1954,7777,3109,39
Mesosphere,mesosphere.com,2016-04,3457,1755,273,913,516,70,27895,15055,1954,7777,3109,39
Mesosphere,mesosphere.com,2016-07,2795,1471,275,749,300,82,27895,15055,1954,7777,3109,39
Mesosphere,mesosphere.com,2016-10,3516,1649,279,1379,209,82,27895,15055,1954,7777,3109,39
Mesosphere,mesosphere.com,2017-01,2740,1265,110,1092,273,82,27895,15055,1954,7777,3109,39
Mesosphere,mesosphere.com,2017-04,3616,2065,111,1102,338,82,27895,15055,1954,7777,3109,39
concrete5,"",2015-04,1955,1136,209,412,198,37,15546,8328,2051,3591,1576,38
concrete5,"",2015-07,2137,1109,325,498,205,51,15546,8328,2051,3591,1576,38
concrete5,"",2015-10,1678,893,212,411,162,51,15546,8328,2051,3591,1576,38
concrete5,"",2016-01,1285,676,167,340,102,51,15546,8328,2051,3591,1576,38
concrete5,"",2016-04,2033,1255,248,366,164,51,15546,8328,2051,3591,1576,38
concrete5,"",2016-07,1535,834,205,354,142,52,15546,8328,2051,3591,1576,38
concrete5,"",2016-10,1654,774,240,425,215,52,15546,8328,2051,3591,1576,38
concrete5,"",2017-01,1824,898,244,452,230,52,15546,8328,2051,3591,1576,38
concrete5,"",2017-04,1445,753,201,333,158,52,15546,8328,2051,3591,1576,38
ckan,"",2015-04,936,535,101,183,117,25,7197,4252,718,1437,790,37
ckan,"",2015-07,721,422,70,139,90,25,7197,4252,718,1437,790,37
ckan,"",2015-10,819,453,87,178,101,25,7197,4252,718,1437,790,37
ckan,"",2016-01,682,355,71,159,97,25,7197,4252,718,1437,790,37
ckan,"",2016-04,787,489,73,162,63,25,7197,4252,718,1437,790,37
ckan,"",2016-07,1194,753,131,201,109,37,7197,4252,718,1437,790,37
ckan,"",2016-10,629,337,61,165,66,37,7197,4252,718,1437,790,37
ckan,"",2017-01,618,398,55,97,68,37,7197,4252,718,1437,790,37
ckan,"",2017-04,811,510,69,153,79,37,7197,4252,718,1437,790,37
pypa,"",2015-04,1965,1526,168,117,154,25,16229,11933,1490,1370,1436,35
pypa,"",2015-07,1711,1239,133,131,208,26,16229,11933,1490,1370,1436,35
pypa,"",2015-10,1085,803,97,68,117,26,16229,11933,1490,1370,1436,35
pypa,"",2016-01,1484,1253,74,47,110,26,16229,11933,1490,1370,1436,35
pypa,"",2016-04,2365,1673,249,242,201,67,16229,11933,1490,1370,1436,35
pypa,"",2016-07,2882,1834,409,420,219,67,16229,11933,1490,1370,1436,35
pypa,"",2016-10,1970,1378,187,226,179,67,16229,11933,1490,1370,1436,35
pypa,"",2017-01,1137,832,106,72,127,67,16229,11933,1490,1370,1436,35
pypa,"",2017-04,1630,1395,67,47,121,67,16229,11933,1490,1370,1436,35
hazelcast,"",2015-04,3080,1873,342,570,295,31,30305,18531,3870,5491,2413,34
hazelcast,"",2015-07,4070,2468,434,868,300,39,30305,18531,3870,5491,2413,34
hazelcast,"",2015-10,3820,2431,498,632,259,40,30305,18531,3870,5491,2413,34
hazelcast,"",2016-01,5229,3445,581,803,400,40,30305,18531,3870,5491,2413,34
hazelcast,"",2016-04,3446,2122,467,596,261,40,30305,18531,3870,5491,2413,34
hazelcast,"",2016-07,3452,2272,392,531,257,63,30305,18531,3870,5491,2413,34
hazelcast,"",2016-10,2433,1432,346,421,234,63,30305,18531,3870,5491,2413,34
hazelcast,"",2017-01,2354,1277,391,522,164,63,30305,18531,3870,5491,2413,34
hazelcast,"",2017-04,2421,1211,419,548,243,63,30305,18531,3870,5491,2413,34
scrapy,"",2015-04,832,648,71,54,59,23,9443,6672,893,1024,854,34
scrapy,"",2015-07,1124,738,120,171,95,33,9443,6672,893,1024,854,34
scrapy,"",2015-10,1189,818,105,171,95,35,9443,6672,893,1024,854,34
scrapy,"",2016-01,743,557,62,43,81,35,9443,6672,893,1024,854,34
scrapy,"",2016-04,1459,1013,146,187,113,35,9443,6672,893,1024,854,34
scrapy,"",2016-07,884,615,83,81,105,35,9443,6672,893,1024,854,34
scrapy,"",2016-10,1072,749,104,108,111,35,9443,6672,893,1024,854,34
scrapy,"",2017-01,939,690,81,76,92,35,9443,6672,893,1024,854,34
scrapy,"",2017-04,1201,844,121,133,103,35,9443,6672,893,1024,854,34
neo4j,"",2015-04,2292,919,532,744,97,33,22352,9521,4658,7278,895,34
neo4j,"",2015-07,2274,915,491,753,115,37,22352,9521,4658,7278,895,34
neo4j,"",2015-10,2361,1022,518,725,96,41,22352,9521,4658,7278,895,34
neo4j,"",2016-01,3253,1757,548,811,137,48,22352,9521,4658,7278,895,34
neo4j,"",2016-04,2725,1208,591,821,105,48,22352,9521,4658,7278,895,34
neo4j,"",2016-07,2902,1229,551,1000,122,75,22352,9521,4658,7278,895,34
neo4j,"",2016-10,2382,905,509,896,72,75,22352,9521,4658,7278,895,34
neo4j,"",2017-01,1955,722,433,728,72,75,22352,9521,4658,7278,895,34
neo4j,"",2017-04,2208,844,485,800,79,75,22352,9521,4658,7278,895,34
OpenRA,"",2015-04,4738,3894,328,277,239,37,34574,26518,2806,2714,2536,33
OpenRA,"",2015-07,5309,4118,461,411,319,41,34574,26518,2806,2714,2536,33
OpenRA,"",2015-10,5656,4382,487,416,371,41,34574,26518,2806,2714,2536,33
OpenRA,"",2016-01,4992,3718,428,477,369,42,34574,26518,2806,2714,2536,33
OpenRA,"",2016-04,3504,2659,271,294,280,42,34574,26518,2806,2714,2536,33
OpenRA,"",2016-07,3139,2364,253,268,254,42,34574,26518,2806,2714,2536,33
OpenRA,"",2016-10,2889,2129,241,259,260,42,34574,26518,2806,2714,2536,33
OpenRA,"",2017-01,1842,1377,115,127,223,42,34574,26518,2806,2714,2536,33
OpenRA,"",2017-04,2505,1877,222,185,221,42,34574,26518,2806,2714,2536,33
PowerDNS,"",2015-04,1605,868,243,361,133,26,11354,5669,2069,2399,1217,33
PowerDNS,"",2015-07,963,540,149,189,85,26,11354,5669,2069,2399,1217,33
PowerDNS,"",2015-10,664,381,103,117,63,26,11354,5669,2069,2399,1217,33
PowerDNS,"",2016-01,1513,732,272,391,118,36,11354,5669,2069,2399,1217,33
PowerDNS,"",2016-04,1712,828,325,375,184,36,11354,5669,2069,2399,1217,33
PowerDNS,"",2016-07,1386,633,280,288,185,36,11354,5669,2069,2399,1217,33
PowerDNS,"",2016-10,1442,752,243,246,201,36,11354,5669,2069,2399,1217,33
PowerDNS,"",2017-01,868,375,207,176,110,36,11354,5669,2069,2399,1217,33
PowerDNS,"",2017-04,1201,560,247,256,138,36,11354,5669,2069,2399,1217,33
openlayers,"",2015-04,1978,1420,218,185,155,28,18858,13304,1828,2061,1665,32
openlayers,"",2015-07,2408,1722,242,235,209,28,18858,13304,1828,2061,1665,32
openlayers,"",2015-10,1876,1296,207,214,159,33,18858,13304,1828,2061,1665,32
openlayers,"",2016-01,2236,1605,214,232,185,33,18858,13304,1828,2061,1665,32
openlayers,"",2016-04,2844,1995,292,331,226,33,18858,13304,1828,2061,1665,32
openlayers,"",2016-07,2135,1526,158,253,198,38,18858,13304,1828,2061,1665,32
openlayers,"",2016-10,2147,1535,185,261,166,38,18858,13304,1828,2061,1665,32
openlayers,"",2017-01,1731,1189,161,188,193,38,18858,13304,1828,2061,1665,32
openlayers,"",2017-04,1503,1016,151,162,174,38,18858,13304,1828,2061,1665,32
dotCMS,"",2015-04,2064,878,238,484,464,14,13896,4955,1823,4435,2683,31
dotCMS,"",2015-07,1145,547,93,202,303,14,13896,4955,1823,4435,2683,31
dotCMS,"",2015-10,942,352,132,288,170,21,13896,4955,1823,4435,2683,31
dotCMS,"",2016-01,834,171,173,388,102,21,13896,4955,1823,4435,2683,31
dotCMS,"",2016-04,1135,164,254,601,116,21,13896,4955,1823,4435,2683,31
dotCMS,"",2016-07,1589,602,187,456,344,40,13896,4955,1823,4435,2683,31
dotCMS,"",2016-10,1730,643,215,519,353,40,13896,4955,1823,4435,2683,31
dotCMS,"",2017-01,1716,573,194,626,323,40,13896,4955,1823,4435,2683,31
dotCMS,"",2017-04,2741,1025,337,871,508,40,13896,4955,1823,4435,2683,31
DarkstarProject,"",2015-04,1992,1033,301,470,188,40,15003,8694,1932,3084,1293,31
DarkstarProject,"",2015-07,2092,1195,261,438,198,44,15003,8694,1932,3084,1293,31
DarkstarProject,"",2015-10,2491,1407,354,543,187,44,15003,8694,1932,3084,1293,31
DarkstarProject,"",2016-01,2053,1251,249,400,153,44,15003,8694,1932,3084,1293,31
DarkstarProject,"",2016-04,2143,1285,163,410,285,44,15003,8694,1932,3084,1293,31
DarkstarProject,"",2016-07,1388,831,217,255,85,44,15003,8694,1932,3084,1293,31
DarkstarProject,"",2016-10,787,495,94,147,51,44,15003,8694,1932,3084,1293,31
DarkstarProject,"",2017-01,969,566,151,187,65,44,15003,8694,1932,3084,1293,31
DarkstarProject,"",2017-04,1088,631,142,234,81,44,15003,8694,1932,3084,1293,31
videojs,"",2015-04,1383,1067,74,95,147,27,15849,11107,1160,1859,1723,31
videojs,"",2015-07,2251,1574,173,246,258,33,15849,11107,1160,1859,1723,31
videojs,"",2015-10,2514,1879,163,245,227,33,15849,11107,1160,1859,1723,31
videojs,"",2016-01,1757,1339,92,108,218,33,15849,11107,1160,1859,1723,31
videojs,"",2016-04,1522,1127,94,104,197,33,15849,11107,1160,1859,1723,31
videojs,"",2016-07,1573,1062,122,190,199,44,15849,11107,1160,1859,1723,31
videojs,"",2016-10,1379,1006,109,136,128,44,15849,11107,1160,1859,1723,31
videojs,"",2017-01,1167,756,105,175,131,44,15849,11107,1160,1859,1723,31
videojs,"",2017-04,2303,1297,228,560,218,44,15849,11107,1160,1859,1723,31
pantsbuild,"",2015-04,1445,599,381,380,85,31,11081,4865,2579,2583,1054,31
pantsbuild,"",2015-07,1203,437,332,350,84,34,11081,4865,2579,2583,1054,31
pantsbuild,"",2015-10,1699,728,409,406,156,34,11081,4865,2579,2583,1054,31
pantsbuild,"",2016-01,1387,594,329,312,152,34,11081,4865,2579,2583,1054,31
pantsbuild,"",2016-04,1260,587,285,282,106,34,11081,4865,2579,2583,1054,31
pantsbuild,"",2016-07,1624,782,326,331,185,38,11081,4865,2579,2583,1054,31
pantsbuild,"",2016-10,843,359,196,175,113,38,11081,4865,2579,2583,1054,31
pantsbuild,"",2017-01,813,394,161,177,81,38,11081,4865,2579,2583,1054,31
pantsbuild,"",2017-04,807,385,160,170,92,38,11081,4865,2579,2583,1054,31
18F,"",2015-04,4465,2191,410,1220,644,61,38224,19690,3637,10300,4597,29
18F,"",2015-07,1539,811,177,374,177,61,38224,19690,3637,10300,4597,29
18F,"",2015-10,8936,4790,765,1979,1402,100,38224,19690,3637,10300,4597,29
18F,"",2016-01,4805,2312,480,1509,504,100,38224,19690,3637,10300,4597,29
18F,"",2016-04,971,583,99,226,63,100,38224,19690,3637,10300,4597,29
18F,"",2016-07,6296,3270,654,1721,651,143,38224,19690,3637,10300,4597,29
18F,"",2016-10,4526,2292,459,1287,488,143,38224,19690,3637,10300,4597,29
18F,"",2017-01,3442,1800,309,935,398,143,38224,19690,3637,10300,4597,29
18F,"",2017-04,3244,1641,284,1049,270,143,38224,19690,3637,10300,4597,29
easydigitaldownloads,"",2015-04,1753,1099,178,296,180,18,10542,6463,1065,1774,1240,28
easydigitaldownloads,"",2015-07,937,615,105,130,87,18,10542,6463,1065,1774,1240,28
easydigitaldownloads,"",2015-10,1034,653,114,126,141,18,10542,6463,1065,1774,1240,28
easydigitaldownloads,"",2016-01,1005,632,97,166,110,21,10542,6463,1065,1774,1240,28
easydigitaldownloads,"",2016-04,1027,591,131,138,167,21,10542,6463,1065,1774,1240,28
easydigitaldownloads,"",2016-07,1139,723,109,188,119,26,10542,6463,1065,1774,1240,28
easydigitaldownloads,"",2016-10,823,485,96,116,126,26,10542,6463,1065,1774,1240,28
easydigitaldownloads,"",2017-01,1452,890,119,276,167,26,10542,6463,1065,1774,1240,28
easydigitaldownloads,"",2017-04,1372,775,116,338,143,26,10542,6463,1065,1774,1240,28
micropython,"",2015-04,1507,940,73,418,76,17,17722,12293,981,3396,1052,28
micropython,"",2015-07,1921,1433,111,300,77,17,17722,12293,981,3396,1052,28
micropython,"",2015-10,1255,925,76,200,54,17,17722,12293,981,3396,1052,28
micropython,"",2016-01,2829,2089,176,447,117,33,17722,12293,981,3396,1052,28
micropython,"",2016-04,1630,1077,101,348,104,33,17722,12293,981,3396,1052,28
micropython,"",2016-07,2492,1582,112,634,164,48,17722,12293,981,3396,1052,28
micropython,"",2016-10,2035,1437,110,339,149,48,17722,12293,981,3396,1052,28
micropython,"",2017-01,2334,1685,119,365,165,48,17722,12293,981,3396,1052,28
micropython,"",2017-04,1719,1125,103,345,146,48,17722,12293,981,3396,1052,28
bolt,"",2015-04,4489,2725,608,805,351,47,21231,12775,2638,4131,1687,27
bolt,"",2015-07,2224,1320,308,421,175,47,21231,12775,2638,4131,1687,27
bolt,"",2015-10,2291,1431,245,418,197,47,21231,12775,2638,4131,1687,27
bolt,"",2016-01,2465,1439,311,523,192,47,21231,12775,2638,4131,1687,27
bolt,"",2016-04,2643,1704,288,444,207,47,21231,12775,2638,4131,1687,27
bolt,"",2016-07,1759,1061,213,292,193,47,21231,12775,2638,4131,1687,27
bolt,"",2016-10,1918,1191,216,371,140,47,21231,12775,2638,4131,1687,27
bolt,"",2017-01,1756,953,233,434,136,47,21231,12775,2638,4131,1687,27
bolt,"",2017-04,1686,951,216,423,96,47,21231,12775,2638,4131,1687,27
CARTO,carto.com,2015-04,7630,4335,469,1910,916,49,60323,29092,4485,20316,6430,27
CARTO,carto.com,2015-07,8031,4687,511,2056,777,49,60323,29092,4485,20316,6430,27
CARTO,carto.com,2015-10,10523,5671,725,3058,1069,69,60323,29092,4485,20316,6430,27
CARTO,carto.com,2016-01,4190,1755,340,1701,394,69,60323,29092,4485,20316,6430,27
CARTO,carto.com,2016-04,5459,2209,534,2212,504,69,60323,29092,4485,20316,6430,27
CARTO,carto.com,2016-07,7551,2833,683,3280,755,80,60323,29092,4485,20316,6430,27
CARTO,carto.com,2016-10,7097,3225,560,2438,874,80,60323,29092,4485,20316,6430,27
CARTO,carto.com,2017-01,5426,2307,411,1987,721,80,60323,29092,4485,20316,6430,27
CARTO,carto.com,2017-04,4416,2070,252,1674,420,80,60323,29092,4485,20316,6430,27
Protractor,protractortest.org,2015-04,1710,1275,102,110,223,25,12601,9174,790,798,1839,27
Protractor,protractortest.org,2015-07,1583,1179,82,82,240,29,12601,9174,790,798,1839,27
Protractor,protractortest.org,2015-10,1331,990,56,50,235,29,12601,9174,790,798,1839,27
Protractor,protractortest.org,2016-01,1352,1024,62,65,201,29,12601,9174,790,798,1839,27
Protractor,protractortest.org,2016-04,1405,1057,69,69,210,29,12601,9174,790,798,1839,27
Protractor,protractortest.org,2016-07,1288,953,94,80,161,29,12601,9174,790,798,1839,27
Protractor,protractortest.org,2016-10,1352,915,117,134,186,29,12601,9174,790,798,1839,27
Protractor,protractortest.org,2017-01,1376,947,106,123,200,29,12601,9174,790,798,1839,27
Protractor,protractortest.org,2017-04,1204,834,102,85,183,29,12601,9174,790,798,1839,27
piwik,"",2015-04,3361,1803,194,988,376,24,21593,11893,1404,5866,2430,26
piwik,"",2015-07,4034,2049,231,1405,349,24,21593,11893,1404,5866,2430,26
piwik,"",2015-10,3444,1932,217,987,308,27,21593,11893,1404,5866,2430,26
piwik,"",2016-01,2627,1433,175,698,321,27,21593,11893,1404,5866,2430,26
piwik,"",2016-04,2278,1404,134,430,310,27,21593,11893,1404,5866,2430,26
piwik,"",2016-07,1400,732,79,423,166,27,21593,11893,1404,5866,2430,26
piwik,"",2016-10,1328,753,107,316,152,27,21593,11893,1404,5866,2430,26
piwik,"",2017-01,1627,894,136,378,219,27,21593,11893,1404,5866,2430,26
piwik,"",2017-04,1494,893,131,241,229,27,21593,11893,1404,5866,2430,26
DynamoDS,"",2015-04,2981,1562,518,742,159,28,17418,9713,3230,3315,1160,25
DynamoDS,"",2015-07,2988,1612,559,664,153,31,17418,9713,3230,3315,1160,25
DynamoDS,"",2015-10,2546,1515,427,424,180,31,17418,9713,3230,3315,1160,25
DynamoDS,"",2016-01,1899,1086,366,315,132,31,17418,9713,3230,3315,1160,25
DynamoDS,"",2016-04,1530,729,358,331,112,31,17418,9713,3230,3315,1160,25
DynamoDS,"",2016-07,2266,1470,315,293,188,43,17418,9713,3230,3315,1160,25
DynamoDS,"",2016-10,1360,687,309,270,94,43,17418,9713,3230,3315,1160,25
DynamoDS,"",2017-01,908,548,157,115,88,43,17418,9713,3230,3315,1160,25
DynamoDS,"",2017-04,940,504,221,161,54,43,17418,9713,3230,3315,1160,25
haskell,"",2015-04,2307,1716,182,217,192,48,21809,16048,1751,2396,1614,24
haskell,"",2015-07,2427,1813,182,245,187,62,21809,16048,1751,2396,1614,24
haskell,"",2015-10,2053,1575,157,138,183,62,21809,16048,1751,2396,1614,24
haskell,"",2016-01,2697,1830,264,387,216,64,21809,16048,1751,2396,1614,24
haskell,"",2016-04,3375,2426,266,472,211,64,21809,16048,1751,2396,1614,24
haskell,"",2016-07,2664,1970,216,301,177,64,21809,16048,1751,2396,1614,24
haskell,"",2016-10,3007,2292,202,301,212,64,21809,16048,1751,2396,1614,24
haskell,"",2017-01,1890,1407,163,194,126,64,21809,16048,1751,2396,1614,24
haskell,"",2017-04,1389,1019,119,141,110,64,21809,16048,1751,2396,1614,24
TryGhost,"",2015-04,1684,1174,185,149,176,28,14781,9018,1755,2487,1521,23
TryGhost,"",2015-07,1793,1163,225,204,201,35,14781,9018,1755,2487,1521,23
TryGhost,"",2015-10,1651,1046,229,185,191,35,14781,9018,1755,2487,1521,23
TryGhost,"",2016-01,1739,1167,221,180,171,35,14781,9018,1755,2487,1521,23
TryGhost,"",2016-04,1711,1124,225,188,174,35,14781,9018,1755,2487,1521,23
TryGhost,"",2016-07,1643,890,212,404,137,35,14781,9018,1755,2487,1521,23
TryGhost,"",2016-10,1730,954,168,420,188,35,14781,9018,1755,2487,1521,23
TryGhost,"",2017-01,1148,591,114,314,129,35,14781,9018,1755,2487,1521,23
TryGhost,"",2017-04,1682,909,176,443,154,35,14781,9018,1755,2487,1521,23
gocd,"",2015-04,810,545,81,79,105,14,10162,6171,1429,1369,1193,23
gocd,"",2015-07,1352,871,168,165,148,18,10162,6171,1429,1369,1193,23
gocd,"",2015-10,1086,742,86,88,170,18,10162,6171,1429,1369,1193,23
gocd,"",2016-01,957,625,103,102,127,18,10162,6171,1429,1369,1193,23
gocd,"",2016-04,1520,990,195,176,159,18,10162,6171,1429,1369,1193,23
gocd,"",2016-07,1287,817,175,167,128,33,10162,6171,1429,1369,1193,23
gocd,"",2016-10,1106,451,274,271,110,33,10162,6171,1429,1369,1193,23
gocd,"",2017-01,1053,576,178,171,128,33,10162,6171,1429,1369,1193,23
gocd,"",2017-04,991,554,169,150,118,33,10162,6171,1429,1369,1193,23
aws,"",2015-04,845,516,95,145,89,16,10194,6614,993,1570,1017,21
aws,"",2015-07,1596,890,152,391,163,30,10194,6614,993,1570,1017,21
aws,"",2015-10,1316,875,119,187,135,30,10194,6614,993,1570,1017,21
aws,"",2016-01,993,700,83,125,85,30,10194,6614,993,1570,1017,21
aws,"",2016-04,1706,1096,187,266,157,49,10194,6614,993,1570,1017,21
aws,"",2016-07,1568,1050,156,216,146,49,10194,6614,993,1570,1017,21
aws,"",2016-10,637,450,51,66,70,49,10194,6614,993,1570,1017,21
aws,"",2017-01,725,471,97,92,65,49,10194,6614,993,1570,1017,21
aws,"",2017-04,808,566,53,82,107,49,10194,6614,993,1570,1017,21
zestedesavoir,"",2015-04,3402,2721,235,191,255,21,18552,15122,1188,1051,1191,21
zestedesavoir,"",2015-07,3964,3359,200,170,235,23,18552,15122,1188,1051,1191,21
zestedesavoir,"",2015-10,1483,1239,70,57,117,23,18552,15122,1188,1051,1191,21
zestedesavoir,"",2016-01,2031,1688,124,113,106,23,18552,15122,1188,1051,1191,21
zestedesavoir,"",2016-04,2338,2001,121,106,110,23,18552,15122,1188,1051,1191,21
zestedesavoir,"",2016-07,1305,1005,106,79,115,27,18552,15122,1188,1051,1191,21
zestedesavoir,"",2016-10,1113,865,89,74,85,27,18552,15122,1188,1051,1191,21
zestedesavoir,"",2017-01,1766,1364,144,149,109,30,18552,15122,1188,1051,1191,21
zestedesavoir,"",2017-04,1150,880,99,112,59,30,18552,15122,1188,1051,1191,21
Yoast SEO,yoast.com/wordpress/seo,2015-04,1725,953,122,407,243,17,27620,15788,1732,6082,4018,20
Yoast SEO,yoast.com/wordpress/seo,2015-07,1846,1135,101,315,295,17,27620,15788,1732,6082,4018,20
Yoast SEO,yoast.com/wordpress/seo,2015-10,2414,1446,121,562,285,17,27620,15788,1732,6082,4018,20
Yoast SEO,yoast.com/wordpress/seo,2016-01,3148,1766,161,674,547,24,27620,15788,1732,6082,4018,20
Yoast SEO,yoast.com/wordpress/seo,2016-04,4054,2024,280,1177,573,50,27620,15788,1732,6082,4018,20
Yoast SEO,yoast.com/wordpress/seo,2016-07,5201,2568,456,1476,701,76,27620,15788,1732,6082,4018,20
Yoast SEO,yoast.com/wordpress/seo,2016-10,3414,1972,230,747,465,76,27620,15788,1732,6082,4018,20
Yoast SEO,yoast.com/wordpress/seo,2017-01,3047,2121,127,345,454,76,27620,15788,1732,6082,4018,20
Yoast SEO,yoast.com/wordpress/seo,2017-04,2771,1803,134,379,455,76,27620,15788,1732,6082,4018,20
vanilla,"",2015-04,1146,490,179,413,64,24,10710,2923,1898,4745,1144,20
vanilla,"",2015-07,1000,328,171,449,52,24,10710,2923,1898,4745,1144,20
vanilla,"",2015-10,1023,371,209,345,98,24,10710,2923,1898,4745,1144,20
vanilla,"",2016-01,1007,244,190,502,71,24,10710,2923,1898,4745,1144,20
vanilla,"",2016-04,883,199,204,425,55,24,10710,2923,1898,4745,1144,20
vanilla,"",2016-07,1778,479,265,805,229,36,10710,2923,1898,4745,1144,20
vanilla,"",2016-10,1329,335,172,580,242,36,10710,2923,1898,4745,1144,20
vanilla,"",2017-01,1183,211,257,565,150,36,10710,2923,1898,4745,1144,20
vanilla,"",2017-04,1361,266,251,661,183,36,10710,2923,1898,4745,1144,20
npm,npmjs.com,2015-04,6867,5047,232,762,826,77,56482,41326,1592,4723,8841,19
npm,npmjs.com,2015-07,6101,4288,189,601,1023,77,56482,41326,1592,4723,8841,19
npm,npmjs.com,2015-10,6538,4495,224,762,1057,77,56482,41326,1592,4723,8841,19
npm,npmjs.com,2016-01,8617,5913,341,1014,1349,87,56482,41326,1592,4723,8841,19
npm,npmjs.com,2016-04,7050,5079,255,577,1139,87,56482,41326,1592,4723,8841,19
npm,npmjs.com,2016-07,5621,4173,134,344,970,87,56482,41326,1592,4723,8841,19
npm,npmjs.com,2016-10,5643,4548,78,179,838,87,56482,41326,1592,4723,8841,19
npm,npmjs.com,2017-01,5804,4579,75,299,851,87,56482,41326,1592,4723,8841,19
npm,npmjs.com,2017-04,4241,3204,64,185,788,87,56482,41326,1592,4723,8841,19
hydroshare,"",2015-04,1197,344,102,587,164,23,16769,8833,816,5903,1217,19
hydroshare,"",2015-07,1473,675,97,537,164,23,16769,8833,816,5903,1217,19
hydroshare,"",2015-10,1273,674,56,459,84,23,16769,8833,816,5903,1217,19
hydroshare,"",2016-01,1862,985,92,654,131,23,16769,8833,816,5903,1217,19
hydroshare,"",2016-04,2340,1217,102,872,149,23,16769,8833,816,5903,1217,19
hydroshare,"",2016-07,2428,1441,90,765,132,30,16769,8833,816,5903,1217,19
hydroshare,"",2016-10,1671,957,71,550,93,30,16769,8833,816,5903,1217,19
hydroshare,"",2017-01,2220,1248,94,704,174,30,16769,8833,816,5903,1217,19
hydroshare,"",2017-04,2305,1292,112,775,126,30,16769,8833,816,5903,1217,19
opencart,"",2015-04,1003,552,110,138,203,18,10680,5912,1123,1882,1763,18
opencart,"",2015-07,1399,936,92,137,234,28,10680,5912,1123,1882,1763,18
opencart,"",2015-10,1056,540,94,245,177,28,10680,5912,1123,1882,1763,18
opencart,"",2016-01,1267,736,130,159,242,29,10680,5912,1123,1882,1763,18
opencart,"",2016-04,1431,641,207,353,230,50,10680,5912,1123,1882,1763,18
opencart,"",2016-07,1547,727,205,401,214,58,10680,5912,1123,1882,1763,18
opencart,"",2016-10,1267,685,152,242,188,58,10680,5912,1123,1882,1763,18
opencart,"",2017-01,695,445,58,55,137,58,10680,5912,1123,1882,1763,18
opencart,"",2017-04,1015,650,75,152,138,58,10680,5912,1123,1882,1763,18
GitHub,github.com,2015-04,2413,1755,217,285,156,79,21105,13994,1886,3542,1683,11
GitHub,github.com,2015-07,2632,1773,257,402,200,79,21105,13994,1886,3542,1683,11
GitHub,github.com,2015-10,2335,1445,281,451,158,79,21105,13994,1886,3542,1683,11
GitHub,github.com,2016-01,1942,1372,153,204,213,79,21105,13994,1886,3542,1683,11
GitHub,github.com,2016-04,1276,952,79,119,126,79,21105,13994,1886,3542,1683,11
GitHub,github.com,2016-07,3370,2139,287,687,257,79,21105,13994,1886,3542,1683,11
GitHub,github.com,2016-10,3533,2395,279,617,242,79,21105,13994,1886,3542,1683,11
GitHub,github.com,2017-01,2033,1373,174,326,160,79,21105,13994,1886,3542,1683,11
GitHub,github.com,2017-04,1571,790,159,451,171,79,21105,13994,1886,3542,1683,11
